ForagerWord,Result,,,,*If word from forager lexicon is in S2V,
aardvark,NOT IN VOCAB,,,,,
aardwolf,NOT IN VOCAB,,,,,
abalone,NOT IN VOCAB,,,,Row Labels,Count of ForagerWord
abeja,NOT IN VOCAB,,,,IN VOCAB,446
addax,NOT IN VOCAB,,,,NOT IN VOCAB,1636
adder,IN VOCAB,,,,Grand Total,2082
adelgid,NOT IN VOCAB,,,,,
adelie penguin,NOT IN VOCAB,,,,,
aedes aegypti,NOT IN VOCAB,,,,,
affenpinscher,NOT IN VOCAB,,,,,
afghan hound,NOT IN VOCAB,,,,,
african dog,NOT IN VOCAB,,,,,
african elephant,NOT IN VOCAB,,,,,
african wild dog,NOT IN VOCAB,,,,,
agama,NOT IN VOCAB,,,,,
agouti,NOT IN VOCAB,,,,,
airedale terrier,NOT IN VOCAB,,,,,
akita,NOT IN VOCAB,,,,,
albacore,NOT IN VOCAB,,,,,
albatross,IN VOCAB,,,,,
albino python,NOT IN VOCAB,,,,,
alga,NOT IN VOCAB,,,,,
alligator,IN VOCAB,,,,,
alligator lizard,NOT IN VOCAB,,,,,
alligator snapping turtle,NOT IN VOCAB,,,,,
allosaurus,NOT IN VOCAB,,,,,
alpaca,IN VOCAB,,,,,
amberjack,NOT IN VOCAB,,,,,
american toad,NOT IN VOCAB,,,,,
amoeba,NOT IN VOCAB,,,,,
amphibian,NOT IN VOCAB,,,,,
amphioxus,NOT IN VOCAB,,,,,
amphipod,NOT IN VOCAB,,,,,
anaconda,NOT IN VOCAB,,,,,
anchovy,IN VOCAB,,,,,
anemone,IN VOCAB,,,,,
angelfish,NOT IN VOCAB,,,,,
anglerfish,NOT IN VOCAB,,,,,
angora goat,NOT IN VOCAB,,,,,
angora rabbit,NOT IN VOCAB,,,,,
anhinga,NOT IN VOCAB,,,,,
ankylosaur,NOT IN VOCAB,,,,,
annelid,NOT IN VOCAB,,,,,
anole,NOT IN VOCAB,,,,,
ant,IN VOCAB,,,,,
anteater,NOT IN VOCAB,,,,,
antelope,IN VOCAB,,,,,
antelope squirrel,NOT IN VOCAB,,,,,
anthropoid,NOT IN VOCAB,,,,,
antlion,NOT IN VOCAB,,,,,
apatosaurus,NOT IN VOCAB,,,,,
ape,IN VOCAB,,,,,
aphid,NOT IN VOCAB,,,,,
aplysia,NOT IN VOCAB,,,,,
appaloosa,NOT IN VOCAB,,,,,
apple maggot,NOT IN VOCAB,,,,,
arachnid,NOT IN VOCAB,,,,,
arapaima,NOT IN VOCAB,,,,,
archaea,NOT IN VOCAB,,,,,
archeopteryx,NOT IN VOCAB,,,,,
archosaur,NOT IN VOCAB,,,,,
arctic char,NOT IN VOCAB,,,,,
arctic fox,NOT IN VOCAB,,,,,
argali,NOT IN VOCAB,,,,,
armadillo,NOT IN VOCAB,,,,,
armyworm,NOT IN VOCAB,,,,,
arrowhead dogfish,NOT IN VOCAB,,,,,
arrowhead shark,NOT IN VOCAB,,,,,
arthropod,NOT IN VOCAB,,,,,
ascidians,NOT IN VOCAB,,,,,
asian elephant,NOT IN VOCAB,,,,,
asp,IN VOCAB,,,,,
ass,IN VOCAB,,,,,
assassin bug,NOT IN VOCAB,,,,,
auk,NOT IN VOCAB,,,,,
auklet,NOT IN VOCAB,,,,,
auroch,NOT IN VOCAB,,,,,
australopithecine,NOT IN VOCAB,,,,,
avian,NOT IN VOCAB,,,,,
avocet,NOT IN VOCAB,,,,,
axolotl,NOT IN VOCAB,,,,,
aye aye,NOT IN VOCAB,,,,,
babirusa,NOT IN VOCAB,,,,,
baboon,IN VOCAB,,,,,
baby,IN VOCAB,,,,,
baca,NOT IN VOCAB,,,,,
bacteria,NOT IN VOCAB,,,,,
badger,IN VOCAB,,,,,
bald eagle,NOT IN VOCAB,,,,,
baleen whale,NOT IN VOCAB,,,,,
banana slug,NOT IN VOCAB,,,,,
bandicoot,NOT IN VOCAB,,,,,
bantam,IN VOCAB,,,,,
bark beetle,NOT IN VOCAB,,,,,
barn owl,NOT IN VOCAB,,,,,
barnacle,NOT IN VOCAB,,,,,
barnacle goose,NOT IN VOCAB,,,,,
barracuda,NOT IN VOCAB,,,,,
barramundi,NOT IN VOCAB,,,,,
barred owl,NOT IN VOCAB,,,,,
basenji,NOT IN VOCAB,,,,,
basilisk,IN VOCAB,,,,,
basking shark,NOT IN VOCAB,,,,,
bass,IN VOCAB,,,,,
basset hound,NOT IN VOCAB,,,,,
bat,IN VOCAB,,,,,
batfish,NOT IN VOCAB,,,,,
bay scallop,NOT IN VOCAB,,,,,
baya,NOT IN VOCAB,,,,,
beaded lizard,NOT IN VOCAB,,,,,
beagle,IN VOCAB,,,,,
beaked whale,NOT IN VOCAB,,,,,
bear,IN VOCAB,,,,,
bear cub,NOT IN VOCAB,,,,,
bearcat,NOT IN VOCAB,,,,,
bearded dragon,NOT IN VOCAB,,,,,
bearded vulture,NOT IN VOCAB,,,,,
beaver,IN VOCAB,,,,,
bedbug,NOT IN VOCAB,,,,,
bee,IN VOCAB,,,,,
bee eater,NOT IN VOCAB,,,,,
bee moth,NOT IN VOCAB,,,,,
beef cattle,NOT IN VOCAB,,,,,
beefalo,NOT IN VOCAB,,,,,
beet armyworm,NOT IN VOCAB,,,,,
beetle,IN VOCAB,,,,,
bellbird,NOT IN VOCAB,,,,,
belted kingfisher,NOT IN VOCAB,,,,,
beluga,NOT IN VOCAB,,,,,
beluga whale,NOT IN VOCAB,,,,,
bengal tiger,NOT IN VOCAB,,,,,
bernese mountain dog,NOT IN VOCAB,,,,,
bessbug,NOT IN VOCAB,,,,,
beta fish,NOT IN VOCAB,,,,,
betta,NOT IN VOCAB,,,,,
betta fish,NOT IN VOCAB,,,,,
bettong,NOT IN VOCAB,,,,,
bichon,NOT IN VOCAB,,,,,
bigeye,NOT IN VOCAB,,,,,
bighorn,NOT IN VOCAB,,,,,
bighorn sheep,NOT IN VOCAB,,,,,
bilbies,NOT IN VOCAB,,,,,
bilby,NOT IN VOCAB,,,,,
billfish,NOT IN VOCAB,,,,,
billy goat,NOT IN VOCAB,,,,,
binturong,NOT IN VOCAB,,,,,
bird,IN VOCAB,,,,,
bison,IN VOCAB,,,,,
biting midge,NOT IN VOCAB,,,,,
bittern,IN VOCAB,,,,,
bivalve,NOT IN VOCAB,,,,,
black bear,NOT IN VOCAB,,,,,
black headed gull,NOT IN VOCAB,,,,,
black lab,NOT IN VOCAB,,,,,
black labrador,NOT IN VOCAB,,,,,
black mamba,NOT IN VOCAB,,,,,
black panther,NOT IN VOCAB,,,,,
black squirrel,NOT IN VOCAB,,,,,
black widow,NOT IN VOCAB,,,,,
black-capped chickadee,NOT IN VOCAB,,,,,
blackbird,IN VOCAB,,,,,
blackbuck,NOT IN VOCAB,,,,,
blackcap,NOT IN VOCAB,,,,,
blackfish,NOT IN VOCAB,,,,,
blackfly,NOT IN VOCAB,,,,,
blackpoll,NOT IN VOCAB,,,,,
blacktail,NOT IN VOCAB,,,,,
blacktail deer,NOT IN VOCAB,,,,,
blacktip reef shark,NOT IN VOCAB,,,,,
blacktip shark,NOT IN VOCAB,,,,,
blenny,NOT IN VOCAB,,,,,
blister beetle,NOT IN VOCAB,,,,,
blobfish,NOT IN VOCAB,,,,,
bloodhound,NOT IN VOCAB,,,,,
bloodworm,NOT IN VOCAB,,,,,
blowfish,NOT IN VOCAB,,,,,
blowfly,NOT IN VOCAB,,,,,
blubber fish,NOT IN VOCAB,,,,,
blue catfish,NOT IN VOCAB,,,,,
blue heron,NOT IN VOCAB,,,,,
blue jay,NOT IN VOCAB,,,,,
blue marlin,NOT IN VOCAB,,,,,
blue shark,NOT IN VOCAB,,,,,
blue whale,NOT IN VOCAB,,,,,
bluebill,NOT IN VOCAB,,,,,
bluebird,IN VOCAB,,,,,
bluefin,NOT IN VOCAB,,,,,
bluefin tuna,NOT IN VOCAB,,,,,
bluefish,NOT IN VOCAB,,,,,
bluefooted booby,NOT IN VOCAB,,,,,
bluegill,NOT IN VOCAB,,,,,
bluetick,NOT IN VOCAB,,,,,
boa,IN VOCAB,,,,,
boa constrictor,NOT IN VOCAB,,,,,
boar,IN VOCAB,,,,,
bobcat,NOT IN VOCAB,,,,,
bobolink,NOT IN VOCAB,,,,,
bobtail,NOT IN VOCAB,,,,,
bobwhite,NOT IN VOCAB,,,,,
bobwhite quail,NOT IN VOCAB,,,,,
boll weevil,NOT IN VOCAB,,,,,
bollworm,NOT IN VOCAB,,,,,
bolognese,NOT IN VOCAB,,,,,
bombardier beetle,NOT IN VOCAB,,,,,
bonefish,NOT IN VOCAB,,,,,
bongo,NOT IN VOCAB,,,,,
bonito,NOT IN VOCAB,,,,,
bonnethead,NOT IN VOCAB,,,,,
bonobo,NOT IN VOCAB,,,,,
bony fish,NOT IN VOCAB,,,,,
booby,IN VOCAB,,,,,
border collie,NOT IN VOCAB,,,,,
borzoi,NOT IN VOCAB,,,,,
boston terrier,NOT IN VOCAB,,,,,
botfly,NOT IN VOCAB,,,,,
boto,NOT IN VOCAB,,,,,
bottlenose,NOT IN VOCAB,,,,,
bottlenose dolphin,NOT IN VOCAB,,,,,
bottlenose whale,NOT IN VOCAB,,,,,
bovine,NOT IN VOCAB,,,,,
bowerbird,NOT IN VOCAB,,,,,
bowfin,NOT IN VOCAB,,,,,
bowhead,NOT IN VOCAB,,,,,
bowhead whale,NOT IN VOCAB,,,,,
box turtle,NOT IN VOCAB,,,,,
boxelder bug,NOT IN VOCAB,,,,,
boxer,IN VOCAB,,,,,
boxfish,NOT IN VOCAB,,,,,
brachiopod,NOT IN VOCAB,,,,,
brachiosaurus,NOT IN VOCAB,,,,,
bream,NOT IN VOCAB,,,,,
brimfish,NOT IN VOCAB,,,,,
brine shrimp,NOT IN VOCAB,,,,,
broadbill,NOT IN VOCAB,,,,,
broadtail,NOT IN VOCAB,,,,,
bronc,NOT IN VOCAB,,,,,
bronco,NOT IN VOCAB,,,,,
brontosaurus,NOT IN VOCAB,,,,,
broodmare,NOT IN VOCAB,,,,,
broody hen,NOT IN VOCAB,,,,,
brook trout,NOT IN VOCAB,,,,,
brown bear,NOT IN VOCAB,,,,,
brown bullhead,NOT IN VOCAB,,,,,
brown creeper,NOT IN VOCAB,,,,,
brown hyena,NOT IN VOCAB,,,,,
brown recluse,NOT IN VOCAB,,,,,
brown recluse spider,NOT IN VOCAB,,,,,
brown thrasher,NOT IN VOCAB,,,,,
brown trout,NOT IN VOCAB,,,,,
bruin,IN VOCAB,,,,,
bryozoan,NOT IN VOCAB,,,,,
buck,IN VOCAB,,,,,
bucking bronco,NOT IN VOCAB,,,,,
budgerigar,NOT IN VOCAB,,,,,
budgie,NOT IN VOCAB,,,,,
buffalo,IN VOCAB,,,,,
bufflehead,NOT IN VOCAB,,,,,
bufo,NOT IN VOCAB,,,,,
bug,IN VOCAB,,,,,
bulbul,NOT IN VOCAB,,,,,
bull,IN VOCAB,,,,,
bull mastiff,NOT IN VOCAB,,,,,
bull shark,NOT IN VOCAB,,,,,
bull snake,NOT IN VOCAB,,,,,
bull terrier,NOT IN VOCAB,,,,,
bulldog,IN VOCAB,,,,,
bullfinch,NOT IN VOCAB,,,,,
bullfrog,IN VOCAB,,,,,
bullhead,NOT IN VOCAB,,,,,
bullhead catfish,NOT IN VOCAB,,,,,
bullmastiff,NOT IN VOCAB,,,,,
bullock,IN VOCAB,,,,,
bullsnake,NOT IN VOCAB,,,,,
bumblebee,IN VOCAB,,,,,
bunny,IN VOCAB,,,,,
bunny rabbit,NOT IN VOCAB,,,,,
bunting,IN VOCAB,,,,,
burbot,NOT IN VOCAB,,,,,
burmese mountain dog,NOT IN VOCAB,,,,,
burro,NOT IN VOCAB,,,,,
bush squirrel,NOT IN VOCAB,,,,,
bushbaby,NOT IN VOCAB,,,,,
bushbuck,NOT IN VOCAB,,,,,
bushmaster,NOT IN VOCAB,,,,,
bustard,NOT IN VOCAB,,,,,
butterfish,NOT IN VOCAB,,,,,
butterflies,IN VOCAB,,,,,
butterfly,IN VOCAB,,,,,
butterflyfish,NOT IN VOCAB,,,,,
buzzard,IN VOCAB,,,,,
cactus wren,NOT IN VOCAB,,,,,
caddis fly,NOT IN VOCAB,,,,,
caecilian,NOT IN VOCAB,,,,,
caiman,NOT IN VOCAB,,,,,
cairn terrier,NOT IN VOCAB,,,,,
calf,IN VOCAB,,,,,
calico cat,NOT IN VOCAB,,,,,
camel,IN VOCAB,,,,,
cameo,IN VOCAB,,,,,
canary,IN VOCAB,,,,,
canebrake rattlesnake,NOT IN VOCAB,,,,,
canine,IN VOCAB,,,,,
canis lupus,NOT IN VOCAB,,,,,
cankerworm,NOT IN VOCAB,,,,,
canvasback,NOT IN VOCAB,,,,,
canvasback duck,NOT IN VOCAB,,,,,
cape buffalo,NOT IN VOCAB,,,,,
capelin,NOT IN VOCAB,,,,,
capercaillie,NOT IN VOCAB,,,,,
capibara,NOT IN VOCAB,,,,,
caplin,IN VOCAB,,,,,
capon,NOT IN VOCAB,,,,,
capuchin,NOT IN VOCAB,,,,,
capuchin monkey,NOT IN VOCAB,,,,,
capybara,NOT IN VOCAB,,,,,
carabao,NOT IN VOCAB,,,,,
caracal,NOT IN VOCAB,,,,,
caracara,NOT IN VOCAB,,,,,
cardinal,IN VOCAB,,,,,
caribou,IN VOCAB,,,,,
carp,IN VOCAB,,,,,
carpenter ant,NOT IN VOCAB,,,,,
carpenter bee,NOT IN VOCAB,,,,,
carpet beetle,NOT IN VOCAB,,,,,
carrier pigeon,NOT IN VOCAB,,,,,
carrion crow,NOT IN VOCAB,,,,,
carthorse,NOT IN VOCAB,,,,,
cartilaginous fish,NOT IN VOCAB,,,,,
cassowary,NOT IN VOCAB,,,,,
cat,IN VOCAB,,,,,
catamount,NOT IN VOCAB,,,,,
catbird,NOT IN VOCAB,,,,,
caterpillar,IN VOCAB,,,,,
catfish,NOT IN VOCAB,,,,,
cattle,IN VOCAB,,,,,
cattle egret,NOT IN VOCAB,,,,,
cavalier king charles spaniel,NOT IN VOCAB,,,,,
cavy,NOT IN VOCAB,,,,,
cayote,NOT IN VOCAB,,,,,
cedar waxwing,NOT IN VOCAB,,,,,
centipede,IN VOCAB,,,,,
cephalopod,NOT IN VOCAB,,,,,
ceratopsian,NOT IN VOCAB,,,,,
cervid,NOT IN VOCAB,,,,,
cetacean,NOT IN VOCAB,,,,,
chachalaca,NOT IN VOCAB,,,,,
chaffinch,IN VOCAB,,,,,
chain pickerel,NOT IN VOCAB,,,,,
chambered nautilus,NOT IN VOCAB,,,,,
chameleon,IN VOCAB,,,,,
chamois,IN VOCAB,,,,,
channel catfish,NOT IN VOCAB,,,,,
char,IN VOCAB,,,,,
charolais,NOT IN VOCAB,,,,,
cheep,NOT IN VOCAB,,,,,
cheetah,NOT IN VOCAB,,,,,
chetah,NOT IN VOCAB,,,,,
chewbacca,NOT IN VOCAB,,,,,
chick,IN VOCAB,,,,,
chickadee,IN VOCAB,,,,,
chicken,IN VOCAB,,,,,
chigger,NOT IN VOCAB,,,,,
chihuahua,NOT IN VOCAB,,,,,
chimaera,IN VOCAB,,,,,
chimp,NOT IN VOCAB,,,,,
chimpanzee,NOT IN VOCAB,,,,,
chinch bug,NOT IN VOCAB,,,,,
chinchilla,NOT IN VOCAB,,,,,
chinook,IN VOCAB,,,,,
chinook salmon,NOT IN VOCAB,,,,,
chipmunk,IN VOCAB,,,,,
chipping sparrow,NOT IN VOCAB,,,,,
chocolate labrador,NOT IN VOCAB,,,,,
chough,NOT IN VOCAB,,,,,
chow chow,NOT IN VOCAB,,,,,
christmas tree worm,NOT IN VOCAB,,,,,
chub,NOT IN VOCAB,,,,,
chum salmon,NOT IN VOCAB,,,,,
cicada,NOT IN VOCAB,,,,,
cicada killer,NOT IN VOCAB,,,,,
cichlid,NOT IN VOCAB,,,,,
cichlid fish,NOT IN VOCAB,,,,,
civet,NOT IN VOCAB,,,,,
civet cat,NOT IN VOCAB,,,,,
clam,IN VOCAB,,,,,
cleaner shrimp,NOT IN VOCAB,,,,,
clown fish,NOT IN VOCAB,,,,,
clownfish,NOT IN VOCAB,,,,,
clydesdale,NOT IN VOCAB,,,,,
coati,NOT IN VOCAB,,,,,
coatimundi,NOT IN VOCAB,,,,,
cobia,NOT IN VOCAB,,,,,
cobra,IN VOCAB,,,,,
cochineal,IN VOCAB,,,,,
cock,IN VOCAB,,,,,
cockatiel,NOT IN VOCAB,,,,,
cockatoo,NOT IN VOCAB,,,,,
cocker,NOT IN VOCAB,,,,,
cocker spaniel,NOT IN VOCAB,,,,,
cockerel,NOT IN VOCAB,,,,,
cockle,IN VOCAB,,,,,
cockroach,NOT IN VOCAB,,,,,
cockroaches,NOT IN VOCAB,,,,,
cod,IN VOCAB,,,,,
codfish,IN VOCAB,,,,,
codling,NOT IN VOCAB,,,,,
codling moth,NOT IN VOCAB,,,,,
coelacanth,NOT IN VOCAB,,,,,
coho,NOT IN VOCAB,,,,,
coho salmon,NOT IN VOCAB,,,,,
collared lizard,NOT IN VOCAB,,,,,
collared peccary,NOT IN VOCAB,,,,,
collie,IN VOCAB,,,,,
colobus,NOT IN VOCAB,,,,,
colobus monkey,NOT IN VOCAB,,,,,
colt,IN VOCAB,,,,,
colugo,NOT IN VOCAB,,,,,
comb jelly,NOT IN VOCAB,,,,,
common murre,NOT IN VOCAB,,,,,
common scoter,NOT IN VOCAB,,,,,
common yellowthroat,NOT IN VOCAB,,,,,
conch,NOT IN VOCAB,,,,,
condor,NOT IN VOCAB,,,,,
coney,IN VOCAB,,,,,
conger,NOT IN VOCAB,,,,,
conger eel,NOT IN VOCAB,,,,,
constrictor,NOT IN VOCAB,,,,,
conure,NOT IN VOCAB,,,,,
coonhound,NOT IN VOCAB,,,,,
coot,NOT IN VOCAB,,,,,
cooter,NOT IN VOCAB,,,,,
copepod,NOT IN VOCAB,,,,,
copperhead,NOT IN VOCAB,,,,,
copperhead snake,NOT IN VOCAB,,,,,
coq,NOT IN VOCAB,,,,,
coral,IN VOCAB,,,,,
coral reef snake,NOT IN VOCAB,,,,,
coral snake,NOT IN VOCAB,,,,,
corbina,NOT IN VOCAB,,,,,
corgi,NOT IN VOCAB,,,,,
cormorant,NOT IN VOCAB,,,,,
corn borer,NOT IN VOCAB,,,,,
corn borer moth,NOT IN VOCAB,,,,,
corn earworm,NOT IN VOCAB,,,,,
corn snake,NOT IN VOCAB,,,,,
corncrake,NOT IN VOCAB,,,,,
cornish game hen,NOT IN VOCAB,,,,,
corydoras,NOT IN VOCAB,,,,,
cotton bollworm,NOT IN VOCAB,,,,,
cottonmouth,NOT IN VOCAB,,,,,
cottonmouth moccasin,NOT IN VOCAB,,,,,
cottontail,NOT IN VOCAB,,,,,
cottontail rabbit,NOT IN VOCAB,,,,,
cougar,IN VOCAB,,,,,
courser,IN VOCAB,,,,,
cow,IN VOCAB,,,,,
cowbird,NOT IN VOCAB,,,,,
cownose ray,NOT IN VOCAB,,,,,
cowrie,NOT IN VOCAB,,,,,
cowry,NOT IN VOCAB,,,,,
cows,IN VOCAB,,,,,
coyote,IN VOCAB,,,,,
coypu,NOT IN VOCAB,,,,,
crab,IN VOCAB,,,,,
crane,IN VOCAB,,,,,
cranefly,NOT IN VOCAB,,,,,
crappie,NOT IN VOCAB,,,,,
crawdad,NOT IN VOCAB,,,,,
crawfish,IN VOCAB,,,,,
crawler,NOT IN VOCAB,,,,,
crayfish,IN VOCAB,,,,,
crevalle jack,NOT IN VOCAB,,,,,
cricket,IN VOCAB,,,,,
crinoid,NOT IN VOCAB,,,,,
croaker,NOT IN VOCAB,,,,,
croc,NOT IN VOCAB,,,,,
crocodile,IN VOCAB,,,,,
crossbill,NOT IN VOCAB,,,,,
crow,IN VOCAB,,,,,
crucian carp,NOT IN VOCAB,,,,,
crustacean,NOT IN VOCAB,,,,,
cub,IN VOCAB,,,,,
cuckoo,IN VOCAB,,,,,
culex pipiens,NOT IN VOCAB,,,,,
curlew,IN VOCAB,,,,,
cuscus,NOT IN VOCAB,,,,,
cusk,NOT IN VOCAB,,,,,
cuttlefish,IN VOCAB,,,,,
cutworm,NOT IN VOCAB,,,,,
cygnet,NOT IN VOCAB,,,,,
dace,NOT IN VOCAB,,,,,
dachshund,NOT IN VOCAB,,,,,
daddy longlegs,NOT IN VOCAB,,,,,
dairy cattle,NOT IN VOCAB,,,,,
dairy cow,NOT IN VOCAB,,,,,
dall sheep,NOT IN VOCAB,,,,,
dalmatian,NOT IN VOCAB,,,,,
damsel fish,NOT IN VOCAB,,,,,
damselfish,NOT IN VOCAB,,,,,
damselfly,NOT IN VOCAB,,,,,
daphnia,NOT IN VOCAB,,,,,
darkling beetle,NOT IN VOCAB,,,,,
darning needle,NOT IN VOCAB,,,,,
darter,NOT IN VOCAB,,,,,
darwin frog,NOT IN VOCAB,,,,,
daschund,NOT IN VOCAB,,,,,
dear,IN VOCAB,,,,,
decapod,NOT IN VOCAB,,,,,
deer,IN VOCAB,,,,,
deerhound,IN VOCAB,,,,,
degu,NOT IN VOCAB,,,,,
desert tortoise,NOT IN VOCAB,,,,,
devil,IN VOCAB,,,,,
devon rex,NOT IN VOCAB,,,,,
diamondback,NOT IN VOCAB,,,,,
diamondback rattlesnake,NOT IN VOCAB,,,,,
diamondback terrapin,NOT IN VOCAB,,,,,
dik-dik,NOT IN VOCAB,,,,,
dingo,NOT IN VOCAB,,,,,
dinosaur,NOT IN VOCAB,,,,,
dinosaurs,NOT IN VOCAB,,,,,
diplodocus,NOT IN VOCAB,,,,,
doberman,NOT IN VOCAB,,,,,
doberman pinscher,NOT IN VOCAB,,,,,
dodo,IN VOCAB,,,,,
dodo bird,NOT IN VOCAB,,,,,
doe,IN VOCAB,,,,,
dog,IN VOCAB,,,,,
dogfish,NOT IN VOCAB,,,,,
doggie,NOT IN VOCAB,,,,,
doggy,NOT IN VOCAB,,,,,
dogs,IN VOCAB,,,,,
dolphin,IN VOCAB,,,,,
dolphinfish,NOT IN VOCAB,,,,,
domingo,IN VOCAB,,,,,
donkey,IN VOCAB,,,,,
doodlebug,NOT IN VOCAB,,,,,
dormouse,IN VOCAB,,,,,
dory,IN VOCAB,,,,,
dotterel,NOT IN VOCAB,,,,,
double-crested cormorant,NOT IN VOCAB,,,,,
dove,IN VOCAB,,,,,
downy woodpecker,NOT IN VOCAB,,,,,
dragon,IN VOCAB,,,,,
dragon lizard,NOT IN VOCAB,,,,,
dragonfly,NOT IN VOCAB,,,,,
drake,IN VOCAB,,,,,
dray horse,NOT IN VOCAB,,,,,
dromedary,IN VOCAB,,,,,
drosophila,NOT IN VOCAB,,,,,
drum fish,NOT IN VOCAB,,,,,
duck,IN VOCAB,,,,,
duckbill,NOT IN VOCAB,,,,,
duckbilled platypus,NOT IN VOCAB,,,,,
duckling,IN VOCAB,,,,,
ducks,IN VOCAB,,,,,
dugong,NOT IN VOCAB,,,,,
duiker,NOT IN VOCAB,,,,,
dung beetle,NOT IN VOCAB,,,,,
dungeness crab,NOT IN VOCAB,,,,,
dunlin,NOT IN VOCAB,,,,,
dusky shark,NOT IN VOCAB,,,,,
dwarf hamster,NOT IN VOCAB,,,,,
dwarf rabbit,NOT IN VOCAB,,,,,
dwarf sperm whale,NOT IN VOCAB,,,,,
eagle,IN VOCAB,,,,,
eagle ray,NOT IN VOCAB,,,,,
eaglet,NOT IN VOCAB,,,,,
eared grebe,NOT IN VOCAB,,,,,
earthworm,NOT IN VOCAB,,,,,
earwig,NOT IN VOCAB,,,,,
eastern cottontail,NOT IN VOCAB,,,,,
eastern indigo snake,NOT IN VOCAB,,,,,
eastern kingbird,NOT IN VOCAB,,,,,
eastern lowland gorilla,NOT IN VOCAB,,,,,
eastern meadowlark,NOT IN VOCAB,,,,,
eastern newt,NOT IN VOCAB,,,,,
eastern toebiter,NOT IN VOCAB,,,,,
echidna,NOT IN VOCAB,,,,,
echinoderm,NOT IN VOCAB,,,,,
eel,IN VOCAB,,,,,
eelpout,NOT IN VOCAB,,,,,
eels,IN VOCAB,,,,,
egret,NOT IN VOCAB,,,,,
eider,IN VOCAB,,,,,
eider duck,NOT IN VOCAB,,,,,
eland,NOT IN VOCAB,,,,,
electric eel,NOT IN VOCAB,,,,,
elephant,IN VOCAB,,,,,
elephant seal,NOT IN VOCAB,,,,,
elk,IN VOCAB,,,,,
elkhound,NOT IN VOCAB,,,,,
elver,NOT IN VOCAB,,,,,
emerald shiner,NOT IN VOCAB,,,,,
emperor penguin,NOT IN VOCAB,,,,,
emu,NOT IN VOCAB,,,,,
equine,NOT IN VOCAB,,,,,
ermine,IN VOCAB,,,,,
escolar,NOT IN VOCAB,,,,,
eugarie,NOT IN VOCAB,,,,,
evening grosbeak,NOT IN VOCAB,,,,,
ewe,IN VOCAB,,,,,
fairy shrimp,NOT IN VOCAB,,,,,
fairy tern,NOT IN VOCAB,,,,,
falcon,IN VOCAB,,,,,
fall armyworm,NOT IN VOCAB,,,,,
fall webworm,NOT IN VOCAB,,,,,
fallow deer,NOT IN VOCAB,,,,,
fawn,IN VOCAB,,,,,
feline,IN VOCAB,,,,,
fennec fox,NOT IN VOCAB,,,,,
ferret,IN VOCAB,,,,,
fiddler crab,NOT IN VOCAB,,,,,
filaria,NOT IN VOCAB,,,,,
filly,IN VOCAB,,,,,
fin whale,NOT IN VOCAB,,,,,
finback,NOT IN VOCAB,,,,,
finback whale,NOT IN VOCAB,,,,,
finch,IN VOCAB,,,,,
fire ant,NOT IN VOCAB,,,,,
firebird,NOT IN VOCAB,,,,,
firebug,NOT IN VOCAB,,,,,
firefly,IN VOCAB,,,,,
fish,IN VOCAB,,,,,
fish eagle,NOT IN VOCAB,,,,,
fisher,IN VOCAB,,,,,
fisher cat,NOT IN VOCAB,,,,,
flacon,NOT IN VOCAB,,,,,
flamingo,NOT IN VOCAB,,,,,
flatfish,NOT IN VOCAB,,,,,
flathead catfish,NOT IN VOCAB,,,,,
flatworm,NOT IN VOCAB,,,,,
flea,IN VOCAB,,,,,
flea beetle,NOT IN VOCAB,,,,,
flies,IN VOCAB,,,,,
flounder,IN VOCAB,,,,,
fly,IN VOCAB,,,,,
fly fish,NOT IN VOCAB,,,,,
flycatcher,IN VOCAB,,,,,
flying fish,NOT IN VOCAB,,,,,
flying monkey,NOT IN VOCAB,,,,,
flying snake,NOT IN VOCAB,,,,,
flying squirrel,NOT IN VOCAB,,,,,
foal,IN VOCAB,,,,,
forest tent caterpillar,NOT IN VOCAB,,,,,
fossa,NOT IN VOCAB,,,,,
four eye butterfly fish,NOT IN VOCAB,,,,,
foureye butterflyfish,NOT IN VOCAB,,,,,
fowl,IN VOCAB,,,,,
fox,IN VOCAB,,,,,
fox squirrel,NOT IN VOCAB,,,,,
fox terrier,NOT IN VOCAB,,,,,
foxes,IN VOCAB,,,,,
foxhound,IN VOCAB,,,,,
french bulldog,NOT IN VOCAB,,,,,
fresh water fish,NOT IN VOCAB,,,,,
freshwater eel,NOT IN VOCAB,,,,,
freshwater fish,NOT IN VOCAB,,,,,
freshwater mussel,NOT IN VOCAB,,,,,
friesian,NOT IN VOCAB,,,,,
frog,IN VOCAB,,,,,
frogfish,NOT IN VOCAB,,,,,
froghopper,NOT IN VOCAB,,,,,
frogmouth,NOT IN VOCAB,,,,,
fruit bat,NOT IN VOCAB,,,,,
fruit fly,NOT IN VOCAB,,,,,
fulmar,NOT IN VOCAB,,,,,
fungi,IN VOCAB,,,,,
fungus gnat,NOT IN VOCAB,,,,,
gaboon viper,NOT IN VOCAB,,,,,
gadfly,NOT IN VOCAB,,,,,
gal,IN VOCAB,,,,,
gall midge,NOT IN VOCAB,,,,,
gall wasp,NOT IN VOCAB,,,,,
gallinule,NOT IN VOCAB,,,,,
gamecock,IN VOCAB,,,,,
gander,IN VOCAB,,,,,
gannet,NOT IN VOCAB,,,,,
gar,IN VOCAB,,,,,
garden snake,NOT IN VOCAB,,,,,
garfish,NOT IN VOCAB,,,,,
garibaldi,NOT IN VOCAB,,,,,
garter snake,NOT IN VOCAB,,,,,
gator,NOT IN VOCAB,,,,,
gaur,NOT IN VOCAB,,,,,
gavial,NOT IN VOCAB,,,,,
gazelle,IN VOCAB,,,,,
gecko,NOT IN VOCAB,,,,,
geese,IN VOCAB,,,,,
gelding,NOT IN VOCAB,,,,,
gemsbok,NOT IN VOCAB,,,,,
genet,NOT IN VOCAB,,,,,
geoduck,NOT IN VOCAB,,,,,
gerbil,NOT IN VOCAB,,,,,
gerbils,NOT IN VOCAB,,,,,
german shepard,NOT IN VOCAB,,,,,
german shepherd,NOT IN VOCAB,,,,,
gharial,NOT IN VOCAB,,,,,
ghost crab,NOT IN VOCAB,,,,,
giant,IN VOCAB,,,,,
giant anteater,NOT IN VOCAB,,,,,
giant panda,NOT IN VOCAB,,,,,
giant schnauzer,NOT IN VOCAB,,,,,
giant squid,NOT IN VOCAB,,,,,
giant tortoise,NOT IN VOCAB,,,,,
gibbon,IN VOCAB,,,,,
gila monster,NOT IN VOCAB,,,,,
giraffe,NOT IN VOCAB,,,,,
glaucus,IN VOCAB,,,,,
glider,NOT IN VOCAB,,,,,
globefish,NOT IN VOCAB,,,,,
glowworm,NOT IN VOCAB,,,,,
gnat,IN VOCAB,,,,,
gnatcatcher,NOT IN VOCAB,,,,,
gnu,NOT IN VOCAB,,,,,
goanna,NOT IN VOCAB,,,,,
goat,IN VOCAB,,,,,
goatfish,NOT IN VOCAB,,,,,
goats,IN VOCAB,,,,,
goby,IN VOCAB,,,,,
godwit,NOT IN VOCAB,,,,,
godzilla,NOT IN VOCAB,,,,,
gold fish,NOT IN VOCAB,,,,,
golden eagle,NOT IN VOCAB,,,,,
golden labrador,NOT IN VOCAB,,,,,
golden marmot,NOT IN VOCAB,,,,,
golden plover,NOT IN VOCAB,,,,,
golden retriever,NOT IN VOCAB,,,,,
golden shiner,NOT IN VOCAB,,,,,
goldendoodle,NOT IN VOCAB,,,,,
goldfinch,IN VOCAB,,,,,
goldfish,IN VOCAB,,,,,
gooney bird,NOT IN VOCAB,,,,,
goose,IN VOCAB,,,,,
gopher,IN VOCAB,,,,,
gopher snake,NOT IN VOCAB,,,,,
gopher tortoise,NOT IN VOCAB,,,,,
gopher turtle,NOT IN VOCAB,,,,,
gorgonian,NOT IN VOCAB,,,,,
gorilla,IN VOCAB,,,,,
goshawk,NOT IN VOCAB,,,,,
gosling,NOT IN VOCAB,,,,,
grackle,NOT IN VOCAB,,,,,
grass snake,NOT IN VOCAB,,,,,
grasshopper,IN VOCAB,,,,,
grasshopper mouse,NOT IN VOCAB,,,,,
gray catbird,NOT IN VOCAB,,,,,
gray fox,NOT IN VOCAB,,,,,
gray jay,NOT IN VOCAB,,,,,
gray mullet,NOT IN VOCAB,,,,,
gray partridge,NOT IN VOCAB,,,,,
gray treefrog,NOT IN VOCAB,,,,,
gray whale,NOT IN VOCAB,,,,,
gray wolf,NOT IN VOCAB,,,,,
graywolf,NOT IN VOCAB,,,,,
great auk,NOT IN VOCAB,,,,,
great blue heron,NOT IN VOCAB,,,,,
great crested grebe,NOT IN VOCAB,,,,,
great dane,NOT IN VOCAB,,,,,
great horned owl,NOT IN VOCAB,,,,,
great pyrenees,NOT IN VOCAB,,,,,
great white shark,NOT IN VOCAB,,,,,
greater yellowlegs,NOT IN VOCAB,,,,,
grebe,NOT IN VOCAB,,,,,
green lacewing,NOT IN VOCAB,,,,,
green mamba,NOT IN VOCAB,,,,,
green tree frog,NOT IN VOCAB,,,,,
green tree python,NOT IN VOCAB,,,,,
greenfly,NOT IN VOCAB,,,,,
greenling,NOT IN VOCAB,,,,,
greenshank,NOT IN VOCAB,,,,,
grenadier,IN VOCAB,,,,,
grey squirrel,NOT IN VOCAB,,,,,
grey whale,NOT IN VOCAB,,,,,
greyhound,IN VOCAB,,,,,
greylag goose,NOT IN VOCAB,,,,,
griffon,NOT IN VOCAB,,,,,
griffon vulture,NOT IN VOCAB,,,,,
grizzly,IN VOCAB,,,,,
grizzly bear,NOT IN VOCAB,,,,,
grosbeak,IN VOCAB,,,,,
ground hog,NOT IN VOCAB,,,,,
ground squirrel,NOT IN VOCAB,,,,,
groundfish,NOT IN VOCAB,,,,,
groundhog,NOT IN VOCAB,,,,,
grouper,NOT IN VOCAB,,,,,
grouse,IN VOCAB,,,,,
grub,IN VOCAB,,,,,
grunt,IN VOCAB,,,,,
guan,NOT IN VOCAB,,,,,
guanaco,IN VOCAB,,,,,
gudgeon,NOT IN VOCAB,,,,,
guenon,NOT IN VOCAB,,,,,
guerrilla,IN VOCAB,,,,,
guillemot,NOT IN VOCAB,,,,,
guinea fowl,NOT IN VOCAB,,,,,
guinea hen,NOT IN VOCAB,,,,,
guinea pig,NOT IN VOCAB,,,,,
guinea worm,NOT IN VOCAB,,,,,
guineafowl,NOT IN VOCAB,,,,,
gull,IN VOCAB,,,,,
gumboot chiton,NOT IN VOCAB,,,,,
gunnel,NOT IN VOCAB,,,,,
guppy,NOT IN VOCAB,,,,,
gurnard,NOT IN VOCAB,,,,,
gypsy moth,NOT IN VOCAB,,,,,
gyrfalcon,NOT IN VOCAB,,,,,
hackney,IN VOCAB,,,,,
haddock,IN VOCAB,,,,,
hadrosaur,NOT IN VOCAB,,,,,
hagfish,NOT IN VOCAB,,,,,
hairless cat,NOT IN VOCAB,,,,,
hairstreak,NOT IN VOCAB,,,,,
hairstreak butterfly,NOT IN VOCAB,,,,,
hairy woodpecker,NOT IN VOCAB,,,,,
hake,NOT IN VOCAB,,,,,
halcyon,IN VOCAB,,,,,
halibut,NOT IN VOCAB,,,,,
hammerhead,NOT IN VOCAB,,,,,
hammerhead shark,NOT IN VOCAB,,,,,
hamster,NOT IN VOCAB,,,,,
hanover hound,NOT IN VOCAB,,,,,
harambe,NOT IN VOCAB,,,,,
harbor porpoise,NOT IN VOCAB,,,,,
harbor seal,NOT IN VOCAB,,,,,
hare,IN VOCAB,,,,,
harp seal,NOT IN VOCAB,,,,,
harpy eagle,NOT IN VOCAB,,,,,
harrier,NOT IN VOCAB,,,,,
hart,IN VOCAB,,,,,
hartebeest,NOT IN VOCAB,,,,,
havanese dog,NOT IN VOCAB,,,,,
hawk,IN VOCAB,,,,,
hawk moth,NOT IN VOCAB,,,,,
hawk owl,NOT IN VOCAB,,,,,
hawkmoth,NOT IN VOCAB,,,,,
hawksbill,NOT IN VOCAB,,,,,
hawksbill turtle,NOT IN VOCAB,,,,,
heath hen,NOT IN VOCAB,,,,,
hedgehog,IN VOCAB,,,,,
heifer,IN VOCAB,,,,,
hellbender,NOT IN VOCAB,,,,,
helminth,NOT IN VOCAB,,,,,
hen,IN VOCAB,,,,,
hen harrier,NOT IN VOCAB,,,,,
hermit,IN VOCAB,,,,,
hermit crab,NOT IN VOCAB,,,,,
hermit thrush,NOT IN VOCAB,,,,,
heron,IN VOCAB,,,,,
herring,IN VOCAB,,,,,
herring gull,NOT IN VOCAB,,,,,
hexapod,NOT IN VOCAB,,,,,
hinny,NOT IN VOCAB,,,,,
hippo,NOT IN VOCAB,,,,,
hippopotamus,IN VOCAB,,,,,
hoary marmot,NOT IN VOCAB,,,,,
hoatzin,NOT IN VOCAB,,,,,
hog,IN VOCAB,,,,,
hogfish,NOT IN VOCAB,,,,,
hogg,NOT IN VOCAB,,,,,
hogget,NOT IN VOCAB,,,,,
hognose snake,NOT IN VOCAB,,,,,
hogs,IN VOCAB,,,,,
holstein,NOT IN VOCAB,,,,,
homing pigeon,NOT IN VOCAB,,,,,
hominid,NOT IN VOCAB,,,,,
hominoid,NOT IN VOCAB,,,,,
homo erectus,NOT IN VOCAB,,,,,
homo habilis,NOT IN VOCAB,,,,,
homo sapiens,NOT IN VOCAB,,,,,
honey badger,NOT IN VOCAB,,,,,
honey bee,NOT IN VOCAB,,,,,
honey buzzard,NOT IN VOCAB,,,,,
honeybee,NOT IN VOCAB,,,,,
honeycreeper,NOT IN VOCAB,,,,,
hooded merganser,NOT IN VOCAB,,,,,
hoofed mammal,NOT IN VOCAB,,,,,
hookworm,NOT IN VOCAB,,,,,
hoopoe,IN VOCAB,,,,,
hoot owl,NOT IN VOCAB,,,,,
hornbill,NOT IN VOCAB,,,,,
horned dinosaur,NOT IN VOCAB,,,,,
horned lizard,NOT IN VOCAB,,,,,
horned owl,NOT IN VOCAB,,,,,
horned toad,NOT IN VOCAB,,,,,
hornet,NOT IN VOCAB,,,,,
horse,IN VOCAB,,,,,
horsefly,NOT IN VOCAB,,,,,
horsehead,NOT IN VOCAB,,,,,
horseshoe crab,NOT IN VOCAB,,,,,
hound,IN VOCAB,,,,,
hound dog,NOT IN VOCAB,,,,,
housefly,NOT IN VOCAB,,,,,
hoverfly,NOT IN VOCAB,,,,,
howler monkey,NOT IN VOCAB,,,,,
howling monkey,NOT IN VOCAB,,,,,
human,IN VOCAB,,,,,
human being,NOT IN VOCAB,,,,,
hummingbird,NOT IN VOCAB,,,,,
hummingbird moth,NOT IN VOCAB,,,,,
humpback whale,NOT IN VOCAB,,,,,
humuhumunukunukuapua,NOT IN VOCAB,,,,,
huntsman,IN VOCAB,,,,,
huntsman spider,NOT IN VOCAB,,,,,
huskie,NOT IN VOCAB,,,,,
huskies,NOT IN VOCAB,,,,,
husky,IN VOCAB,,,,,
hydra,IN VOCAB,,,,,
hyena,IN VOCAB,,,,,
hyenas,IN VOCAB,,,,,
hyrax,NOT IN VOCAB,,,,,
ibex,IN VOCAB,,,,,
ibis,NOT IN VOCAB,,,,,
ichthyosaur,NOT IN VOCAB,,,,,
iguana,NOT IN VOCAB,,,,,
imago,NOT IN VOCAB,,,,,
impala,NOT IN VOCAB,,,,,
inchworm,NOT IN VOCAB,,,,,
indigo bunting,NOT IN VOCAB,,,,,
indigo snake,NOT IN VOCAB,,,,,
indri,NOT IN VOCAB,,,,,
insect,IN VOCAB,,,,,
invertebrate,NOT IN VOCAB,,,,,
isopod,NOT IN VOCAB,,,,,
itch mite,NOT IN VOCAB,,,,,
ivory billed,NOT IN VOCAB,,,,,
ivory gull,NOT IN VOCAB,,,,,
jabiru,NOT IN VOCAB,,,,,
jack,IN VOCAB,,,,,
jack crevalle,NOT IN VOCAB,,,,,
jack mackerel,NOT IN VOCAB,,,,,
jack rabbit,NOT IN VOCAB,,,,,
jack russell,NOT IN VOCAB,,,,,
jack russell terrier,NOT IN VOCAB,,,,,
jackal,IN VOCAB,,,,,
jackalope,NOT IN VOCAB,,,,,
jackass,IN VOCAB,,,,,
jackass penguin,NOT IN VOCAB,,,,,
jackdaw,IN VOCAB,,,,,
jackrabbit,NOT IN VOCAB,,,,,
jaguar,IN VOCAB,,,,,
jaguarundi,NOT IN VOCAB,,,,,
javelina,NOT IN VOCAB,,,,,
jawless fish,NOT IN VOCAB,,,,,
jay,IN VOCAB,,,,,
jaybird,NOT IN VOCAB,,,,,
jellyfish,IN VOCAB,,,,,
jerboa,NOT IN VOCAB,,,,,
jewfish,NOT IN VOCAB,,,,,
jigger,NOT IN VOCAB,,,,,
joey,NOT IN VOCAB,,,,,
junco,NOT IN VOCAB,,,,,
june beetle,NOT IN VOCAB,,,,,
june bug,NOT IN VOCAB,,,,,
jungle fowl,NOT IN VOCAB,,,,,
kangaroo,IN VOCAB,,,,,
kangaroo rat,NOT IN VOCAB,,,,,
karakul,NOT IN VOCAB,,,,,
katydid,NOT IN VOCAB,,,,,
kea,NOT IN VOCAB,,,,,
keeshond,NOT IN VOCAB,,,,,
kelp greenling,NOT IN VOCAB,,,,,
kelpie,IN VOCAB,,,,,
kestrel,NOT IN VOCAB,,,,,
keyhole limpet,NOT IN VOCAB,,,,,
kid,IN VOCAB,,,,,
killdeer,NOT IN VOCAB,,,,,
killer bee,NOT IN VOCAB,,,,,
killer whale,NOT IN VOCAB,,,,,
killifish,NOT IN VOCAB,,,,,
king cobra,NOT IN VOCAB,,,,,
king crab,NOT IN VOCAB,,,,,
king mackerel,NOT IN VOCAB,,,,,
king salmon,NOT IN VOCAB,,,,,
kingbird,NOT IN VOCAB,,,,,
kingfish,NOT IN VOCAB,,,,,
kingfisher,IN VOCAB,,,,,
kingsnake,NOT IN VOCAB,,,,,
kinkajou,NOT IN VOCAB,,,,,
kite,IN VOCAB,,,,,
kitfox,NOT IN VOCAB,,,,,
kitten,IN VOCAB,,,,,
kittiwake,NOT IN VOCAB,,,,,
kitty,IN VOCAB,,,,,
kitty cat,NOT IN VOCAB,,,,,
kiwi,NOT IN VOCAB,,,,,
koala,NOT IN VOCAB,,,,,
koala bear,NOT IN VOCAB,,,,,
kodiak,NOT IN VOCAB,,,,,
kodiak bear,NOT IN VOCAB,,,,,
koi,NOT IN VOCAB,,,,,
koi fish,NOT IN VOCAB,,,,,
komodo dragon,NOT IN VOCAB,,,,,
kongoni,NOT IN VOCAB,,,,,
kookaburra,NOT IN VOCAB,,,,,
krait,NOT IN VOCAB,,,,,
krill,NOT IN VOCAB,,,,,
kuala,NOT IN VOCAB,,,,,
kudu,NOT IN VOCAB,,,,,
lab,IN VOCAB,,,,,
labrador,IN VOCAB,,,,,
labrador retriever,NOT IN VOCAB,,,,,
lacewing,NOT IN VOCAB,,,,,
lady bug,NOT IN VOCAB,,,,,
ladybird,IN VOCAB,,,,,
ladybird beetle,NOT IN VOCAB,,,,,
ladybug,IN VOCAB,,,,,
ladyfish,NOT IN VOCAB,,,,,
lake trout,NOT IN VOCAB,,,,,
lake whitefish,NOT IN VOCAB,,,,,
lamb,IN VOCAB,,,,,
lamprey,NOT IN VOCAB,,,,,
lamprey eel,NOT IN VOCAB,,,,,
landlocked salmon,NOT IN VOCAB,,,,,
langur,NOT IN VOCAB,,,,,
lanternfish,NOT IN VOCAB,,,,,
lapdog,NOT IN VOCAB,,,,,
lapin,NOT IN VOCAB,,,,,
lapwing,NOT IN VOCAB,,,,,
largemouth bass,NOT IN VOCAB,,,,,
lark,IN VOCAB,,,,,
larva,IN VOCAB,,,,,
larvae,IN VOCAB,,,,,
laughing gull,NOT IN VOCAB,,,,,
leach,NOT IN VOCAB,,,,,
leaf beetle,NOT IN VOCAB,,,,,
leaf insect,NOT IN VOCAB,,,,,
leafhopper,NOT IN VOCAB,,,,,
leatherback,NOT IN VOCAB,,,,,
leatherback turtle,NOT IN VOCAB,,,,,
leatherjacket,NOT IN VOCAB,,,,,
lechwe,NOT IN VOCAB,,,,,
leech,IN VOCAB,,,,,
legless lizard,NOT IN VOCAB,,,,,
lemming,IN VOCAB,,,,,
lemur,NOT IN VOCAB,,,,,
leopard,IN VOCAB,,,,,
leopard frog,NOT IN VOCAB,,,,,
leopard seal,NOT IN VOCAB,,,,,
leopard shark,NOT IN VOCAB,,,,,
leopardess,NOT IN VOCAB,,,,,
lepidopteran,NOT IN VOCAB,,,,,
lesser scaup,NOT IN VOCAB,,,,,
lesser yellowlegs,NOT IN VOCAB,,,,,
lhasa apso,NOT IN VOCAB,,,,,
liger,NOT IN VOCAB,,,,,
limpet,NOT IN VOCAB,,,,,
lingcod,NOT IN VOCAB,,,,,
linnet,IN VOCAB,,,,,
lion,IN VOCAB,,,,,
lion cub,NOT IN VOCAB,,,,,
lioness,IN VOCAB,,,,,
lionfish,NOT IN VOCAB,,,,,
lions,IN VOCAB,,,,,
little brown myotis,NOT IN VOCAB,,,,,
lizard,IN VOCAB,,,,,
llama,IN VOCAB,,,,,
loach,IN VOCAB,,,,,
lobster,IN VOCAB,,,,,
locust,IN VOCAB,,,,,
loggerhead,NOT IN VOCAB,,,,,
loggerhead shrike,NOT IN VOCAB,,,,,
loggerhead turtle,NOT IN VOCAB,,,,,
long tailed lizard,NOT IN VOCAB,,,,,
long tailed salamander,NOT IN VOCAB,,,,,
longhorn,NOT IN VOCAB,,,,,
longneck,NOT IN VOCAB,,,,,
loon,IN VOCAB,,,,,
lorikeet,NOT IN VOCAB,,,,,
loris,NOT IN VOCAB,,,,,
louse,IN VOCAB,,,,,
lovebird,NOT IN VOCAB,,,,,
lugworm,NOT IN VOCAB,,,,,
lumpfish,NOT IN VOCAB,,,,,
luna moth,NOT IN VOCAB,,,,,
lungfish,NOT IN VOCAB,,,,,
lungless salamander,NOT IN VOCAB,,,,,
lynx,IN VOCAB,,,,,
lyrebird,NOT IN VOCAB,,,,,
macaque,NOT IN VOCAB,,,,,
macaque monkey,NOT IN VOCAB,,,,,
macaw,NOT IN VOCAB,,,,,
mackerel,IN VOCAB,,,,,
mackerel tuna,NOT IN VOCAB,,,,,
madagascar hissing cockroach,NOT IN VOCAB,,,,,
maggot,IN VOCAB,,,,,
magpie,IN VOCAB,,,,,
mahi,NOT IN VOCAB,,,,,
mahimahi,NOT IN VOCAB,,,,,
maine coon,NOT IN VOCAB,,,,,
mako shark,NOT IN VOCAB,,,,,
malamute,NOT IN VOCAB,,,,,
malarial mosquito,NOT IN VOCAB,,,,,
maleo,NOT IN VOCAB,,,,,
malinois,NOT IN VOCAB,,,,,
mallard,NOT IN VOCAB,,,,,
mallee fowl,NOT IN VOCAB,,,,,
maltese,IN VOCAB,,,,,
maltese terrier,NOT IN VOCAB,,,,,
mamba,NOT IN VOCAB,,,,,
mammal,NOT IN VOCAB,,,,,
mammoth,IN VOCAB,,,,,
man,IN VOCAB,,,,,
manakin,NOT IN VOCAB,,,,,
manatee,NOT IN VOCAB,,,,,
mandrill,NOT IN VOCAB,,,,,
maned wolf,NOT IN VOCAB,,,,,
mangabey,NOT IN VOCAB,,,,,
mangrove snapper,NOT IN VOCAB,,,,,
manowar,NOT IN VOCAB,,,,,
manta,NOT IN VOCAB,,,,,
manta ray,NOT IN VOCAB,,,,,
mantis,NOT IN VOCAB,,,,,
mantis shrimp,NOT IN VOCAB,,,,,
marabou,NOT IN VOCAB,,,,,
marabou stork,NOT IN VOCAB,,,,,
mare,IN VOCAB,,,,,
markhor,NOT IN VOCAB,,,,,
marlin,NOT IN VOCAB,,,,,
marmoset,NOT IN VOCAB,,,,,
marmot,IN VOCAB,,,,,
marsh harrier,NOT IN VOCAB,,,,,
marsh wren,NOT IN VOCAB,,,,,
marsupial,NOT IN VOCAB,,,,,
marten,IN VOCAB,,,,,
mason bee,NOT IN VOCAB,,,,,
massasauga,NOT IN VOCAB,,,,,
mastiff,IN VOCAB,,,,,
mastodon,IN VOCAB,,,,,
maverick,NOT IN VOCAB,,,,,
mayfly,NOT IN VOCAB,,,,,
meadow pipit,NOT IN VOCAB,,,,,
meadow vole,NOT IN VOCAB,,,,,
meadowlark,NOT IN VOCAB,,,,,
mealworm,NOT IN VOCAB,,,,,
mealy bug,NOT IN VOCAB,,,,,
mealybug,NOT IN VOCAB,,,,,
medfly,NOT IN VOCAB,,,,,
medicinal leech,NOT IN VOCAB,,,,,
medusa,IN VOCAB,,,,,
meerkat,NOT IN VOCAB,,,,,
megalodon,NOT IN VOCAB,,,,,
menhaden,NOT IN VOCAB,,,,,
merganser,NOT IN VOCAB,,,,,
merino sheep,NOT IN VOCAB,,,,,
merlin,IN VOCAB,,,,,
metazoan,NOT IN VOCAB,,,,,
mice,IN VOCAB,,,,,
microbe,IN VOCAB,,,,,
midge,IN VOCAB,,,,,
milch cow,NOT IN VOCAB,,,,,
milkfish,NOT IN VOCAB,,,,,
milking shorthorn,NOT IN VOCAB,,,,,
millipede,NOT IN VOCAB,,,,,
miniature pinscher,NOT IN VOCAB,,,,,
miniature pony,NOT IN VOCAB,,,,,
miniature poodle,NOT IN VOCAB,,,,,
miniature schnauzer,NOT IN VOCAB,,,,,
mink,IN VOCAB,,,,,
minke whale,NOT IN VOCAB,,,,,
minnow,IN VOCAB,,,,,
minnow fish,NOT IN VOCAB,,,,,
minx,IN VOCAB,,,,,
mirid bug,NOT IN VOCAB,,,,,
mistle thrush,NOT IN VOCAB,,,,,
mite,IN VOCAB,,,,,
moccasin,IN VOCAB,,,,,
mockingbird,NOT IN VOCAB,,,,,
mojarra,NOT IN VOCAB,,,,,
mola,NOT IN VOCAB,,,,,
mole,IN VOCAB,,,,,
mole rat,NOT IN VOCAB,,,,,
mollusk,IN VOCAB,,,,,
monarch butterfly,NOT IN VOCAB,,,,,
mongoose,IN VOCAB,,,,,
monitor,IN VOCAB,,,,,
monitor lizard,NOT IN VOCAB,,,,,
monkey,IN VOCAB,,,,,
monkeys,IN VOCAB,,,,,
monkfish,NOT IN VOCAB,,,,,
monotreme,NOT IN VOCAB,,,,,
monster,IN VOCAB,,,,,
moonfish,NOT IN VOCAB,,,,,
moonglow boa,NOT IN VOCAB,,,,,
moorhen,NOT IN VOCAB,,,,,
moose,IN VOCAB,,,,,
moray,IN VOCAB,,,,,
moray eel,NOT IN VOCAB,,,,,
mosquito,IN VOCAB,,,,,
mosquitofish,NOT IN VOCAB,,,,,
moth,IN VOCAB,,,,,
moths,IN VOCAB,,,,,
mouflon,NOT IN VOCAB,,,,,
mountain cat,NOT IN VOCAB,,,,,
mountain goat,NOT IN VOCAB,,,,,
mountain gorilla,NOT IN VOCAB,,,,,
mountain lion,NOT IN VOCAB,,,,,
mourning dove,NOT IN VOCAB,,,,,
mouse,IN VOCAB,,,,,
mud dauber,NOT IN VOCAB,,,,,
mudskipper,NOT IN VOCAB,,,,,
mule,IN VOCAB,,,,,
mule deer,NOT IN VOCAB,,,,,
mules,IN VOCAB,,,,,
mullet,IN VOCAB,,,,,
mulloway,NOT IN VOCAB,,,,,
muntjac,NOT IN VOCAB,,,,,
murre,NOT IN VOCAB,,,,,
muscovy duck,NOT IN VOCAB,,,,,
musk deer,NOT IN VOCAB,,,,,
musk ox,NOT IN VOCAB,,,,,
musk turtle,NOT IN VOCAB,,,,,
muskellunge,NOT IN VOCAB,,,,,
muskox,NOT IN VOCAB,,,,,
muskrat,IN VOCAB,,,,,
mussel,IN VOCAB,,,,,
mustang,IN VOCAB,,,,,
mute swan,NOT IN VOCAB,,,,,
mutton snapper,NOT IN VOCAB,,,,,
myna,NOT IN VOCAB,,,,,
myna bird,NOT IN VOCAB,,,,,
mynah,NOT IN VOCAB,,,,,
mynah bird,NOT IN VOCAB,,,,,
naked mole rat,NOT IN VOCAB,,,,,
narwhal,NOT IN VOCAB,,,,,
nautilus,IN VOCAB,,,,,
neanderthal,NOT IN VOCAB,,,,,
needlefish,NOT IN VOCAB,,,,,
nematode,NOT IN VOCAB,,,,,
nematode worm,NOT IN VOCAB,,,,,
newt,IN VOCAB,,,,,
nightcrawler,NOT IN VOCAB,,,,,
nightingale,IN VOCAB,,,,,
nightjar,NOT IN VOCAB,,,,,
nilgai,NOT IN VOCAB,,,,,
northern bobwhite,NOT IN VOCAB,,,,,
northern cricket frog,NOT IN VOCAB,,,,,
northern harrier,NOT IN VOCAB,,,,,
northern parula,NOT IN VOCAB,,,,,
northern pike,NOT IN VOCAB,,,,,
northern pocket gopher,NOT IN VOCAB,,,,,
northern shrike,NOT IN VOCAB,,,,,
northern snakehead,NOT IN VOCAB,,,,,
nudibranch,NOT IN VOCAB,,,,,
nurse shark,NOT IN VOCAB,,,,,
nuthatch,IN VOCAB,,,,,
nutria,NOT IN VOCAB,,,,,
nyala,NOT IN VOCAB,,,,,
oarfish,NOT IN VOCAB,,,,,
ocean pout,NOT IN VOCAB,,,,,
ocean sunfish,NOT IN VOCAB,,,,,
oceanic whitetip shark,NOT IN VOCAB,,,,,
ocelot,NOT IN VOCAB,,,,,
octopus,NOT IN VOCAB,,,,,
okapi,NOT IN VOCAB,,,,,
olive ridley,NOT IN VOCAB,,,,,
omnivore,NOT IN VOCAB,,,,,
onion thrips,NOT IN VOCAB,,,,,
opah,NOT IN VOCAB,,,,,
opossum,NOT IN VOCAB,,,,,
opossum shrimp,NOT IN VOCAB,,,,,
orang,IN VOCAB,,,,,
orange roughie,NOT IN VOCAB,,,,,
orangutan,NOT IN VOCAB,,,,,
orangutang,NOT IN VOCAB,,,,,
orca,NOT IN VOCAB,,,,,
orca whale,NOT IN VOCAB,,,,,
orchard oriole,NOT IN VOCAB,,,,,
oriole,IN VOCAB,,,,,
ormer,NOT IN VOCAB,,,,,
ornithopod,NOT IN VOCAB,,,,,
ortolan,NOT IN VOCAB,,,,,
oryx,NOT IN VOCAB,,,,,
osprey,NOT IN VOCAB,,,,,
ostrich,IN VOCAB,,,,,
ostriches,IN VOCAB,,,,,
otter,IN VOCAB,,,,,
ovenbird,NOT IN VOCAB,,,,,
owl,IN VOCAB,,,,,
owlet,NOT IN VOCAB,,,,,
ox,IN VOCAB,,,,,
oxen,IN VOCAB,,,,,
oyster,IN VOCAB,,,,,
oystercatcher,NOT IN VOCAB,,,,,
oysters,IN VOCAB,,,,,
pachyderm,NOT IN VOCAB,,,,,
packhorse,NOT IN VOCAB,,,,,
packrat,NOT IN VOCAB,,,,,
paddlefish,NOT IN VOCAB,,,,,
pajero,NOT IN VOCAB,,,,,
pallass cat,NOT IN VOCAB,,,,,
palm civet,NOT IN VOCAB,,,,,
palo verde borer,NOT IN VOCAB,,,,,
palomino,NOT IN VOCAB,,,,,
panda,NOT IN VOCAB,,,,,
panda bear,NOT IN VOCAB,,,,,
pangolin,NOT IN VOCAB,,,,,
panther,IN VOCAB,,,,,
papillon,IN VOCAB,,,,,
parakeet,IN VOCAB,,,,,
parasitic worm,NOT IN VOCAB,,,,,
parrot,IN VOCAB,,,,,
parrotfish,NOT IN VOCAB,,,,,
partridge,IN VOCAB,,,,,
passerine,NOT IN VOCAB,,,,,
peacock,IN VOCAB,,,,,
peafowl,NOT IN VOCAB,,,,,
peahen,NOT IN VOCAB,,,,,
pearl oyster,NOT IN VOCAB,,,,,
peccary,NOT IN VOCAB,,,,,
peckerwood,NOT IN VOCAB,,,,,
pectoral sandpiper,NOT IN VOCAB,,,,,
pelican,IN VOCAB,,,,,
pembroke welsh corgi,NOT IN VOCAB,,,,,
penguin,IN VOCAB,,,,,
penis worm,NOT IN VOCAB,,,,,
perch,IN VOCAB,,,,,
peregrine,IN VOCAB,,,,,
peregrine falcon,NOT IN VOCAB,,,,,
periodical cicada,NOT IN VOCAB,,,,,
perro,NOT IN VOCAB,,,,,
persian cat,NOT IN VOCAB,,,,,
person,IN VOCAB,,,,,
pescador,NOT IN VOCAB,,,,,
petrel,NOT IN VOCAB,,,,,
pewee,IN VOCAB,,,,,
phalarope,NOT IN VOCAB,,,,,
pheasant,IN VOCAB,,,,,
phoenix,IN VOCAB,,,,,
pickerel,NOT IN VOCAB,,,,,
piffle,NOT IN VOCAB,,,,,
pig,IN VOCAB,,,,,
pigeon,IN VOCAB,,,,,
pigfish,NOT IN VOCAB,,,,,
piggy,IN VOCAB,,,,,
piglet,NOT IN VOCAB,,,,,
pika,NOT IN VOCAB,,,,,
pike,IN VOCAB,,,,,
pike perch,NOT IN VOCAB,,,,,
pilchard,NOT IN VOCAB,,,,,
pileated woodpecker,NOT IN VOCAB,,,,,
pill bug,NOT IN VOCAB,,,,,
pilot whale,NOT IN VOCAB,,,,,
pincher,NOT IN VOCAB,,,,,
pine grosbeak,NOT IN VOCAB,,,,,
pine marten,NOT IN VOCAB,,,,,
pine siskin,NOT IN VOCAB,,,,,
pinfish,NOT IN VOCAB,,,,,
pink bollworm,NOT IN VOCAB,,,,,
pink salmon,NOT IN VOCAB,,,,,
pinniped,NOT IN VOCAB,,,,,
pinscher,NOT IN VOCAB,,,,,
pintail,NOT IN VOCAB,,,,,
pinto horse,NOT IN VOCAB,,,,,
pinworm,NOT IN VOCAB,,,,,
pipefish,NOT IN VOCAB,,,,,
piping plover,NOT IN VOCAB,,,,,
pipistrelle,NOT IN VOCAB,,,,,
pipit,NOT IN VOCAB,,,,,
piranha,NOT IN VOCAB,,,,,
pistol shrimp,NOT IN VOCAB,,,,,
pit bull,NOT IN VOCAB,,,,,
pit bull terrier,NOT IN VOCAB,,,,,
pit viper,NOT IN VOCAB,,,,,
pitbull,NOT IN VOCAB,,,,,
placental mammal,NOT IN VOCAB,,,,,
placoderm,NOT IN VOCAB,,,,,
plaice,NOT IN VOCAB,,,,,
planaria,NOT IN VOCAB,,,,,
plankton,NOT IN VOCAB,,,,,
platypus,NOT IN VOCAB,,,,,
pleco,NOT IN VOCAB,,,,,
plesiosaur,NOT IN VOCAB,,,,,
plover,IN VOCAB,,,,,
pochard,NOT IN VOCAB,,,,,
pocket gopher,NOT IN VOCAB,,,,,
poison dart frog,NOT IN VOCAB,,,,,
polar,IN VOCAB,,,,,
polar bear,NOT IN VOCAB,,,,,
polecat,NOT IN VOCAB,,,,,
pollack,NOT IN VOCAB,,,,,
pollock,IN VOCAB,,,,,
pollywog,NOT IN VOCAB,,,,,
polo pony,NOT IN VOCAB,,,,,
polychaeta,NOT IN VOCAB,,,,,
pomeranian,NOT IN VOCAB,,,,,
pompano,NOT IN VOCAB,,,,,
pony,IN VOCAB,,,,,
pooch,NOT IN VOCAB,,,,,
poodle,IN VOCAB,,,,,
popinjay,NOT IN VOCAB,,,,,
porbeagle,NOT IN VOCAB,,,,,
porcupine,IN VOCAB,,,,,
porgy,NOT IN VOCAB,,,,,
pork,IN VOCAB,,,,,
porpoise,IN VOCAB,,,,,
portuguese water dog,NOT IN VOCAB,,,,,
possum,IN VOCAB,,,,,
potato beetle,NOT IN VOCAB,,,,,
potbellied pig,NOT IN VOCAB,,,,,
potoroo,NOT IN VOCAB,,,,,
poultry,IN VOCAB,,,,,
pouter,NOT IN VOCAB,,,,,
prairie cat,NOT IN VOCAB,,,,,
prairie chicken,NOT IN VOCAB,,,,,
prairie dog,NOT IN VOCAB,,,,,
prairie grouse,NOT IN VOCAB,,,,,
prairie rattlesnake,NOT IN VOCAB,,,,,
prairie vole,NOT IN VOCAB,,,,,
prawn,NOT IN VOCAB,,,,,
praying mantis,NOT IN VOCAB,,,,,
primate,IN VOCAB,,,,,
proboscis monkey,NOT IN VOCAB,,,,,
pronghorn,NOT IN VOCAB,,,,,
pronghorn antelope,NOT IN VOCAB,,,,,
protists,NOT IN VOCAB,,,,,
psyllid,NOT IN VOCAB,,,,,
ptarmigan,IN VOCAB,,,,,
pterodactyl,NOT IN VOCAB,,,,,
pterosaur,NOT IN VOCAB,,,,,
pubic louse,NOT IN VOCAB,,,,,
puff adder,NOT IN VOCAB,,,,,
puffer,NOT IN VOCAB,,,,,
puffer fish,NOT IN VOCAB,,,,,
pufferfish,NOT IN VOCAB,,,,,
puffin,IN VOCAB,,,,,
pug,IN VOCAB,,,,,
puggle,NOT IN VOCAB,,,,,
pullet,IN VOCAB,,,,,
puma,IN VOCAB,,,,,
pumpkinseed,NOT IN VOCAB,,,,,
pup,IN VOCAB,,,,,
pupa,NOT IN VOCAB,,,,,
puppy,IN VOCAB,,,,,
purple finch,NOT IN VOCAB,,,,,
purple gallinule,NOT IN VOCAB,,,,,
purple marten,NOT IN VOCAB,,,,,
puss,IN VOCAB,,,,,
pussycat,NOT IN VOCAB,,,,,
pygmy chimpanzee,NOT IN VOCAB,,,,,
pygmy elephant,NOT IN VOCAB,,,,,
pygmy goat,NOT IN VOCAB,,,,,
pygmy marmoset,NOT IN VOCAB,,,,,
pygmy sperm whale,NOT IN VOCAB,,,,,
python,NOT IN VOCAB,,,,,
quagga,NOT IN VOCAB,,,,,
quahog,NOT IN VOCAB,,,,,
quail,IN VOCAB,,,,,
queen bee,NOT IN VOCAB,,,,,
queenfish,NOT IN VOCAB,,,,,
quetzal,NOT IN VOCAB,,,,,
quokka,NOT IN VOCAB,,,,,
rabbit,IN VOCAB,,,,,
raccoon,NOT IN VOCAB,,,,,
raccoon fox,NOT IN VOCAB,,,,,
racehorse,NOT IN VOCAB,,,,,
racoon,NOT IN VOCAB,,,,,
ragdoll cat,NOT IN VOCAB,,,,,
rainbow lorikeet,NOT IN VOCAB,,,,,
rainbow smelt,NOT IN VOCAB,,,,,
rainbow trout,NOT IN VOCAB,,,,,
rainbowfish,NOT IN VOCAB,,,,,
ram,IN VOCAB,,,,,
raptor,NOT IN VOCAB,,,,,
rat,IN VOCAB,,,,,
rat snake,NOT IN VOCAB,,,,,
rat terrier,NOT IN VOCAB,,,,,
ratite,NOT IN VOCAB,,,,,
raton,NOT IN VOCAB,,,,,
rattler,IN VOCAB,,,,,
rattlesnake,IN VOCAB,,,,,
raven,IN VOCAB,,,,,
ray,IN VOCAB,,,,,
razor clam,NOT IN VOCAB,,,,,
razorback,NOT IN VOCAB,,,,,
razorbill,NOT IN VOCAB,,,,,
red admiral butterfly,NOT IN VOCAB,,,,,
red bellied woodpecker,NOT IN VOCAB,,,,,
red deer,NOT IN VOCAB,,,,,
red drum,NOT IN VOCAB,,,,,
red fox,NOT IN VOCAB,,,,,
red kangaroo,NOT IN VOCAB,,,,,
red panda,NOT IN VOCAB,,,,,
red robin,NOT IN VOCAB,,,,,
red shouldered hawk,NOT IN VOCAB,,,,,
red snapper,NOT IN VOCAB,,,,,
red squirrel,NOT IN VOCAB,,,,,
red tailed hawk,NOT IN VOCAB,,,,,
red winged blackbird,NOT IN VOCAB,,,,,
redbird,IN VOCAB,,,,,
redbone,NOT IN VOCAB,,,,,
redbreast,IN VOCAB,,,,,
redbug,NOT IN VOCAB,,,,,
redear,NOT IN VOCAB,,,,,
redfish,NOT IN VOCAB,,,,,
redheaded woodpecker,NOT IN VOCAB,,,,,
redhorse,NOT IN VOCAB,,,,,
redhorse sucker,NOT IN VOCAB,,,,,
redpoll,NOT IN VOCAB,,,,,
redshank,NOT IN VOCAB,,,,,
redstart,NOT IN VOCAB,,,,,
redtail,IN VOCAB,,,,,
redtail hawk,NOT IN VOCAB,,,,,
redwing,NOT IN VOCAB,,,,,
reed bunting,NOT IN VOCAB,,,,,
reef shark,NOT IN VOCAB,,,,,
reindeer,IN VOCAB,,,,,
remora,NOT IN VOCAB,,,,,
reptile,IN VOCAB,,,,,
reticulated python,NOT IN VOCAB,,,,,
retriever,NOT IN VOCAB,,,,,
rhea,NOT IN VOCAB,,,,,
rhesus macaque,NOT IN VOCAB,,,,,
rhesus monkey,NOT IN VOCAB,,,,,
rhino,NOT IN VOCAB,,,,,
rhinoceros,IN VOCAB,,,,,
rhinoceros beetle,NOT IN VOCAB,,,,,
ribbonfish,NOT IN VOCAB,,,,,
right whale,NOT IN VOCAB,,,,,
ring-tailed lemur,NOT IN VOCAB,,,,,
ringtail,NOT IN VOCAB,,,,,
ringtail cat,NOT IN VOCAB,,,,,
river otter,NOT IN VOCAB,,,,,
river rat,NOT IN VOCAB,,,,,
roach,IN VOCAB,,,,,
roadrunner,NOT IN VOCAB,,,,,
robin,IN VOCAB,,,,,
robin redbreast,NOT IN VOCAB,,,,,
rock hyrax,NOT IN VOCAB,,,,,
rockfish,NOT IN VOCAB,,,,,
rockhead,NOT IN VOCAB,,,,,
rodent,NOT IN VOCAB,,,,,
roe,IN VOCAB,,,,,
roe deer,NOT IN VOCAB,,,,,
roly-poly,NOT IN VOCAB,,,,,
rook,IN VOCAB,,,,,
rooster,IN VOCAB,,,,,
roseate spoonbill,NOT IN VOCAB,,,,,
roseate tern,NOT IN VOCAB,,,,,
rotifer,NOT IN VOCAB,,,,,
rottweiler,NOT IN VOCAB,,,,,
roundworm,NOT IN VOCAB,,,,,
rudd,NOT IN VOCAB,,,,,
ruddy duck,NOT IN VOCAB,,,,,
ruddy turnstone,NOT IN VOCAB,,,,,
ruffed grouse,NOT IN VOCAB,,,,,
ruminant,NOT IN VOCAB,,,,,
russian blue,NOT IN VOCAB,,,,,
rusty blackbird,NOT IN VOCAB,,,,,
saber tooth,NOT IN VOCAB,,,,,
sabertoothed cat,NOT IN VOCAB,,,,,
sabertoothed tiger,NOT IN VOCAB,,,,,
sable,IN VOCAB,,,,,
sable antelope,NOT IN VOCAB,,,,,
sacred ibis,NOT IN VOCAB,,,,,
sage grouse,NOT IN VOCAB,,,,,
saiga,NOT IN VOCAB,,,,,
sailfish,NOT IN VOCAB,,,,,
saint bernard,NOT IN VOCAB,,,,,
saki monkey,NOT IN VOCAB,,,,,
salamander,IN VOCAB,,,,,
salmon,IN VOCAB,,,,,
salmonid,NOT IN VOCAB,,,,,
saltwater crocodile,NOT IN VOCAB,,,,,
saltwater fish,NOT IN VOCAB,,,,,
saluki,NOT IN VOCAB,,,,,
sand cat,NOT IN VOCAB,,,,,
sand crab,NOT IN VOCAB,,,,,
sand dab,NOT IN VOCAB,,,,,
sand dollar,NOT IN VOCAB,,,,,
sand lance,NOT IN VOCAB,,,,,
sand shark,NOT IN VOCAB,,,,,
sand tiger shark,NOT IN VOCAB,,,,,
sandbar shark,NOT IN VOCAB,,,,,
sandfish,NOT IN VOCAB,,,,,
sandfly,NOT IN VOCAB,,,,,
sandhill crane,NOT IN VOCAB,,,,,
sandpiper,NOT IN VOCAB,,,,,
sapsucker,NOT IN VOCAB,,,,,
sardine,IN VOCAB,,,,,
sauropod,NOT IN VOCAB,,,,,
sauropod dinosaur,NOT IN VOCAB,,,,,
saury,NOT IN VOCAB,,,,,
savannah cat,NOT IN VOCAB,,,,,
sawfish,NOT IN VOCAB,,,,,
sawfly,NOT IN VOCAB,,,,,
scallop,NOT IN VOCAB,,,,,
scaly anteater,NOT IN VOCAB,,,,,
scarab,NOT IN VOCAB,,,,,
scarlet macaw,NOT IN VOCAB,,,,,
scarlet tanager,NOT IN VOCAB,,,,,
scaup,NOT IN VOCAB,,,,,
schipperke,NOT IN VOCAB,,,,,
schistosome,NOT IN VOCAB,,,,,
schnauzer,NOT IN VOCAB,,,,,
scorpion,IN VOCAB,,,,,
scorpionfish,NOT IN VOCAB,,,,,
scoter,NOT IN VOCAB,,,,,
scottish fold,NOT IN VOCAB,,,,,
scottish shetland,NOT IN VOCAB,,,,,
screech owl,NOT IN VOCAB,,,,,
scrod,NOT IN VOCAB,,,,,
scrub jay,NOT IN VOCAB,,,,,
sculpin,NOT IN VOCAB,,,,,
scup,NOT IN VOCAB,,,,,
sea anemone,NOT IN VOCAB,,,,,
sea bass,NOT IN VOCAB,,,,,
sea bear,NOT IN VOCAB,,,,,
sea bream,NOT IN VOCAB,,,,,
sea cow,NOT IN VOCAB,,,,,
sea cucumber,NOT IN VOCAB,,,,,
sea lamprey,NOT IN VOCAB,,,,,
sea lion,NOT IN VOCAB,,,,,
sea lions,NOT IN VOCAB,,,,,
sea monkey,NOT IN VOCAB,,,,,
sea otter,NOT IN VOCAB,,,,,
sea otters,NOT IN VOCAB,,,,,
sea ray,NOT IN VOCAB,,,,,
sea scorpion,NOT IN VOCAB,,,,,
sea slug,NOT IN VOCAB,,,,,
sea slug aplysia,NOT IN VOCAB,,,,,
sea snake,NOT IN VOCAB,,,,,
sea sponge,NOT IN VOCAB,,,,,
sea squirt,NOT IN VOCAB,,,,,
sea star,NOT IN VOCAB,,,,,
sea turtle,NOT IN VOCAB,,,,,
sea urchin,NOT IN VOCAB,,,,,
seabird,NOT IN VOCAB,,,,,
seagull,NOT IN VOCAB,,,,,
seahawk,NOT IN VOCAB,,,,,
seahorse,NOT IN VOCAB,,,,,
seal,IN VOCAB,,,,,
sealion,NOT IN VOCAB,,,,,
sedge wren,NOT IN VOCAB,,,,,
sei whale,NOT IN VOCAB,,,,,
serow,NOT IN VOCAB,,,,,
serpent,IN VOCAB,,,,,
serval,NOT IN VOCAB,,,,,
shad,IN VOCAB,,,,,
shar pei,NOT IN VOCAB,,,,,
shark,IN VOCAB,,,,,
shearwater,NOT IN VOCAB,,,,,
sheep,IN VOCAB,,,,,
sheepdog,NOT IN VOCAB,,,,,
sheepshead,NOT IN VOCAB,,,,,
shelduck,NOT IN VOCAB,,,,,
shellfish,IN VOCAB,,,,,
shepherd,IN VOCAB,,,,,
shetland pony,NOT IN VOCAB,,,,,
shetland sheepdog,NOT IN VOCAB,,,,,
shih tzu,NOT IN VOCAB,,,,,
shipworm,NOT IN VOCAB,,,,,
shorebird,NOT IN VOCAB,,,,,
shortfin mako,NOT IN VOCAB,,,,,
shorthorn,NOT IN VOCAB,,,,,
shoveler,NOT IN VOCAB,,,,,
shrew,IN VOCAB,,,,,
shrike,NOT IN VOCAB,,,,,
shrimp,IN VOCAB,,,,,
siamang,NOT IN VOCAB,,,,,
siamese cat,NOT IN VOCAB,,,,,
siberian blue robin,NOT IN VOCAB,,,,,
siberian cat,NOT IN VOCAB,,,,,
siberian husky,NOT IN VOCAB,,,,,
siberian tiger,NOT IN VOCAB,,,,,
sidewinder,NOT IN VOCAB,,,,,
sika,NOT IN VOCAB,,,,,
silkworm,IN VOCAB,,,,,
silkworm moth,NOT IN VOCAB,,,,,
silky terrier,NOT IN VOCAB,,,,,
silverback,NOT IN VOCAB,,,,,
silverback gorilla,NOT IN VOCAB,,,,,
silverfish,NOT IN VOCAB,,,,,
silvertip,NOT IN VOCAB,,,,,
siphonophore,NOT IN VOCAB,,,,,
siskin,NOT IN VOCAB,,,,,
skate,IN VOCAB,,,,,
skink,NOT IN VOCAB,,,,,
skipjack,NOT IN VOCAB,,,,,
skipjack tuna,NOT IN VOCAB,,,,,
skua,NOT IN VOCAB,,,,,
skunk,IN VOCAB,,,,,
skylark,IN VOCAB,,,,,
sled dog,NOT IN VOCAB,,,,,
slender loris,NOT IN VOCAB,,,,,
slime eels,NOT IN VOCAB,,,,,
sloth,IN VOCAB,,,,,
sloth bear,NOT IN VOCAB,,,,,
slow loris,NOT IN VOCAB,,,,,
slug,IN VOCAB,,,,,
smallmouth,NOT IN VOCAB,,,,,
smallmouth bass,NOT IN VOCAB,,,,,
smalltooth sawfish,NOT IN VOCAB,,,,,
smelt,IN VOCAB,,,,,
smooth dogfish,NOT IN VOCAB,,,,,
smooth hammerhead,NOT IN VOCAB,,,,,
snail,IN VOCAB,,,,,
snail darter,NOT IN VOCAB,,,,,
snailfish,NOT IN VOCAB,,,,,
snake,IN VOCAB,,,,,
snapper,IN VOCAB,,,,,
snapping turtle,NOT IN VOCAB,,,,,
snipe,IN VOCAB,,,,,
snoek,NOT IN VOCAB,,,,,
snook,NOT IN VOCAB,,,,,
snow crab,NOT IN VOCAB,,,,,
snow goose,NOT IN VOCAB,,,,,
snow leopard,NOT IN VOCAB,,,,,
snow lion,NOT IN VOCAB,,,,,
snow monkey,NOT IN VOCAB,,,,,
snowbird,NOT IN VOCAB,,,,,
snowshoe hare,NOT IN VOCAB,,,,,
snowy egret,NOT IN VOCAB,,,,,
snowy owl,NOT IN VOCAB,,,,,
sockeye,NOT IN VOCAB,,,,,
sockeye salmon,NOT IN VOCAB,,,,,
song thrush,NOT IN VOCAB,,,,,
songbird,NOT IN VOCAB,,,,,
soupfin,NOT IN VOCAB,,,,,
sow,IN VOCAB,,,,,
spadefish,NOT IN VOCAB,,,,,
spadefoot,NOT IN VOCAB,,,,,
spadefoot toad,NOT IN VOCAB,,,,,
spaniel,IN VOCAB,,,,,
spanish mackerel,NOT IN VOCAB,,,,,
sparrow,IN VOCAB,,,,,
sparrow hawk,NOT IN VOCAB,,,,,
spearfish,NOT IN VOCAB,,,,,
speckled trout,NOT IN VOCAB,,,,,
spectacled caiman,NOT IN VOCAB,,,,,
sperm whale,NOT IN VOCAB,,,,,
sphinx moth,NOT IN VOCAB,,,,,
sphynx cat,NOT IN VOCAB,,,,,
spider,IN VOCAB,,,,,
spider crab,NOT IN VOCAB,,,,,
spider mite,NOT IN VOCAB,,,,,
spider monkey,NOT IN VOCAB,,,,,
spiny anteater,NOT IN VOCAB,,,,,
spiny dogfish,NOT IN VOCAB,,,,,
spiny dogfish shark,NOT IN VOCAB,,,,,
spiny lobster,NOT IN VOCAB,,,,,
spitting cobra,NOT IN VOCAB,,,,,
spitz,NOT IN VOCAB,,,,,
sponge,IN VOCAB,,,,,
spoonbill,NOT IN VOCAB,,,,,
spotted flycatcher,NOT IN VOCAB,,,,,
spotted hyena,NOT IN VOCAB,,,,,
spotted owl,NOT IN VOCAB,,,,,
spotted salamander,NOT IN VOCAB,,,,,
spotted sandpiper,NOT IN VOCAB,,,,,
sprat,IN VOCAB,,,,,
spring peeper,NOT IN VOCAB,,,,,
springbok,NOT IN VOCAB,,,,,
springer spaniel,NOT IN VOCAB,,,,,
spruce bark beetle,NOT IN VOCAB,,,,,
spruce grouse,NOT IN VOCAB,,,,,
squab,IN VOCAB,,,,,
squid,NOT IN VOCAB,,,,,
squirrel,IN VOCAB,,,,,
squirrel monkey,NOT IN VOCAB,,,,,
staffordshire bull terrier,NOT IN VOCAB,,,,,
staffordshire terrier,NOT IN VOCAB,,,,,
stag,IN VOCAB,,,,,
stag beetle,NOT IN VOCAB,,,,,
staghorn coral,NOT IN VOCAB,,,,,
stallion,IN VOCAB,,,,,
standard poodle,NOT IN VOCAB,,,,,
star-nosed mole,NOT IN VOCAB,,,,,
starfish,IN VOCAB,,,,,
stargazer,NOT IN VOCAB,,,,,
starling,IN VOCAB,,,,,
steed,IN VOCAB,,,,,
steenbok,NOT IN VOCAB,,,,,
steeplechase horse,NOT IN VOCAB,,,,,
steer,IN VOCAB,,,,,
stegosaurus,NOT IN VOCAB,,,,,
steller jay,NOT IN VOCAB,,,,,
stick bug,NOT IN VOCAB,,,,,
stick insect,NOT IN VOCAB,,,,,
stickleback,NOT IN VOCAB,,,,,
stilt,NOT IN VOCAB,,,,,
stingray,NOT IN VOCAB,,,,,
stinkbug,NOT IN VOCAB,,,,,
stoat,NOT IN VOCAB,,,,,
stone curlew,NOT IN VOCAB,,,,,
stone marten,NOT IN VOCAB,,,,,
stonefish,NOT IN VOCAB,,,,,
stonefly,NOT IN VOCAB,,,,,
stony coral,NOT IN VOCAB,,,,,
stork,IN VOCAB,,,,,
storm petrel,NOT IN VOCAB,,,,,
stormy petrel,NOT IN VOCAB,,,,,
striped bass,NOT IN VOCAB,,,,,
striped hyena,NOT IN VOCAB,,,,,
striped marlin,NOT IN VOCAB,,,,,
striped mullet,NOT IN VOCAB,,,,,
striped skunk,NOT IN VOCAB,,,,,
striper,NOT IN VOCAB,,,,,
sturgeon,IN VOCAB,,,,,
suckerfish,NOT IN VOCAB,,,,,
suckermouth catfish,NOT IN VOCAB,,,,,
sugar glider,NOT IN VOCAB,,,,,
summer tanager,NOT IN VOCAB,,,,,
sun bear,NOT IN VOCAB,,,,,
sun conure,NOT IN VOCAB,,,,,
sunfish,IN VOCAB,,,,,
superbug,NOT IN VOCAB,,,,,
surfperch,NOT IN VOCAB,,,,,
surgeon fish,NOT IN VOCAB,,,,,
surgeonfish,NOT IN VOCAB,,,,,
swallow,IN VOCAB,,,,,
swallowtail,NOT IN VOCAB,,,,,
swamp sparrow,NOT IN VOCAB,,,,,
swan,IN VOCAB,,,,,
swift,IN VOCAB,,,,,
swiftlet,NOT IN VOCAB,,,,,
swine,IN VOCAB,,,,,
swordfish,NOT IN VOCAB,,,,,
swordtail,NOT IN VOCAB,,,,,
t rex,NOT IN VOCAB,,,,,
tabby,IN VOCAB,,,,,
tabby cat,NOT IN VOCAB,,,,,
tadpole,IN VOCAB,,,,,
tadpole shrimp,NOT IN VOCAB,,,,,
taipan,NOT IN VOCAB,,,,,
takahe,NOT IN VOCAB,,,,,
takin,IN VOCAB,,,,,
tamarin,NOT IN VOCAB,,,,,
tammar wallaby,NOT IN VOCAB,,,,,
tanager,IN VOCAB,,,,,
tapeworm,NOT IN VOCAB,,,,,
tapir,NOT IN VOCAB,,,,,
tarantula,NOT IN VOCAB,,,,,
tardigrade,NOT IN VOCAB,,,,,
tarpon,NOT IN VOCAB,,,,,
tarsier,NOT IN VOCAB,,,,,
tasmanian devil,NOT IN VOCAB,,,,,
tautog,NOT IN VOCAB,,,,,
tawny owl,NOT IN VOCAB,,,,,
teacup chihuahua,NOT IN VOCAB,,,,,
teleost,NOT IN VOCAB,,,,,
teleost fish,NOT IN VOCAB,,,,,
tench,NOT IN VOCAB,,,,,
tent caterpillar,NOT IN VOCAB,,,,,
termite,NOT IN VOCAB,,,,,
tern,IN VOCAB,,,,,
terrapin,NOT IN VOCAB,,,,,
terrier,IN VOCAB,,,,,
tetra,NOT IN VOCAB,,,,,
tetrapod,NOT IN VOCAB,,,,,
theropod,NOT IN VOCAB,,,,,
theropod dinosaur,NOT IN VOCAB,,,,,
thorny devil,NOT IN VOCAB,,,,,
thoroughbred,IN VOCAB,,,,,
threadfin,NOT IN VOCAB,,,,,
three toed sloth,NOT IN VOCAB,,,,,
thresher shark,NOT IN VOCAB,,,,,
thrip,NOT IN VOCAB,,,,,
thrush,IN VOCAB,,,,,
thylacine,NOT IN VOCAB,,,,,
tick,IN VOCAB,,,,,
tiger,IN VOCAB,,,,,
tiger beetle,NOT IN VOCAB,,,,,
tiger cub,NOT IN VOCAB,,,,,
tiger moth,NOT IN VOCAB,,,,,
tiger rattlesnake,NOT IN VOCAB,,,,,
tiger salamander,NOT IN VOCAB,,,,,
tiger shark,NOT IN VOCAB,,,,,
tigon,NOT IN VOCAB,,,,,
tigress,NOT IN VOCAB,,,,,
tilapia,NOT IN VOCAB,,,,,
tilefish,NOT IN VOCAB,,,,,
timber rattlesnake,NOT IN VOCAB,,,,,
timber wolf,NOT IN VOCAB,,,,,
titanosaur,NOT IN VOCAB,,,,,
titi,NOT IN VOCAB,,,,,
titi monkey,NOT IN VOCAB,,,,,
titmouse,IN VOCAB,,,,,
toad,IN VOCAB,,,,,
toadfish,NOT IN VOCAB,,,,,
tobacco budworm,NOT IN VOCAB,,,,,
tobacco hornworm,NOT IN VOCAB,,,,,
tody,NOT IN VOCAB,,,,,
tom turkey,NOT IN VOCAB,,,,,
tomato hornworm,NOT IN VOCAB,,,,,
tomcat,NOT IN VOCAB,,,,,
toothed whale,NOT IN VOCAB,,,,,
tortes,NOT IN VOCAB,,,,,
tortoise,IN VOCAB,,,,,
tortoiseshell,NOT IN VOCAB,,,,,
tortuga,IN VOCAB,,,,,
toucan,NOT IN VOCAB,,,,,
towhee,NOT IN VOCAB,,,,,
toy poodle,NOT IN VOCAB,,,,,
toy spaniel,NOT IN VOCAB,,,,,
tragopan,NOT IN VOCAB,,,,,
trapdoor spider,NOT IN VOCAB,,,,,
tree shrew,NOT IN VOCAB,,,,,
treefrog,NOT IN VOCAB,,,,,
trematode,NOT IN VOCAB,,,,,
trepang,NOT IN VOCAB,,,,,
triceratops,NOT IN VOCAB,,,,,
triggerfish,IN VOCAB,,,,,
trilobite,NOT IN VOCAB,,,,,
tripletail,NOT IN VOCAB,,,,,
trogon,NOT IN VOCAB,,,,,
trotter,IN VOCAB,,,,,
trout,IN VOCAB,,,,,
trumpeter,IN VOCAB,,,,,
trumpeter swan,NOT IN VOCAB,,,,,
tsetse,NOT IN VOCAB,,,,,
tsetse fly,NOT IN VOCAB,,,,,
tuatara,NOT IN VOCAB,,,,,
tubeworm,NOT IN VOCAB,,,,,
tufted puffin,NOT IN VOCAB,,,,,
tufted titmouse,NOT IN VOCAB,,,,,
tuna,NOT IN VOCAB,,,,,
tundra swan,NOT IN VOCAB,,,,,
tunicate,NOT IN VOCAB,,,,,
tunny,IN VOCAB,,,,,
turbot,IN VOCAB,,,,,
turkey,IN VOCAB,,,,,
turkey buzzard,NOT IN VOCAB,,,,,
turkey vulture,NOT IN VOCAB,,,,,
turtle,IN VOCAB,,,,,
turtle dove,NOT IN VOCAB,,,,,
turtledove,NOT IN VOCAB,,,,,
tusker,NOT IN VOCAB,,,,,
tussock moth,NOT IN VOCAB,,,,,
tyrannosaur,NOT IN VOCAB,,,,,
tyrannosaurus,NOT IN VOCAB,,,,,
tyrannosaurus rex,NOT IN VOCAB,,,,,
ungulate,NOT IN VOCAB,,,,,
unicorn,IN VOCAB,,,,,
upland sandpiper,NOT IN VOCAB,,,,,
urchin,IN VOCAB,,,,,
vampire bat,NOT IN VOCAB,,,,,
vaquita,NOT IN VOCAB,,,,,
varmint,NOT IN VOCAB,,,,,
veal,IN VOCAB,,,,,
veery,NOT IN VOCAB,,,,,
velociraptor,NOT IN VOCAB,,,,,
venomous lizard,NOT IN VOCAB,,,,,
vermin,IN VOCAB,,,,,
vertebrate,NOT IN VOCAB,,,,,
vervet monkey,NOT IN VOCAB,,,,,
vesper sparrow,NOT IN VOCAB,,,,,
vicuna,NOT IN VOCAB,,,,,
vinegarroon,NOT IN VOCAB,,,,,
viper,IN VOCAB,,,,,
vireo,NOT IN VOCAB,,,,,
vizsla,NOT IN VOCAB,,,,,
vole,NOT IN VOCAB,,,,,
vulture,IN VOCAB,,,,,
wagtail,NOT IN VOCAB,,,,,
wahoo,NOT IN VOCAB,,,,,
wallaby,NOT IN VOCAB,,,,,
wallaroo,NOT IN VOCAB,,,,,
walleye,NOT IN VOCAB,,,,,
walleyed pike,NOT IN VOCAB,,,,,
walrus,IN VOCAB,,,,,
wandering albatross,NOT IN VOCAB,,,,,
wapiti,NOT IN VOCAB,,,,,
warbler,IN VOCAB,,,,,
warthog,NOT IN VOCAB,,,,,
wasp,IN VOCAB,,,,,
water bear,NOT IN VOCAB,,,,,
water buffalo,NOT IN VOCAB,,,,,
water bug,NOT IN VOCAB,,,,,
water moccasin,NOT IN VOCAB,,,,,
water snake,NOT IN VOCAB,,,,,
waterbird,NOT IN VOCAB,,,,,
waterbuck,NOT IN VOCAB,,,,,
waterfowl,IN VOCAB,,,,,
waxwing,NOT IN VOCAB,,,,,
weakfish,NOT IN VOCAB,,,,,
weasel,IN VOCAB,,,,,
webworm,NOT IN VOCAB,,,,,
weevil,NOT IN VOCAB,,,,,
weimaraner,NOT IN VOCAB,,,,,
western lowland gorilla,NOT IN VOCAB,,,,,
western meadowlark,NOT IN VOCAB,,,,,
western tanager,NOT IN VOCAB,,,,,
westie,NOT IN VOCAB,,,,,
whale,IN VOCAB,,,,,
whale shark,NOT IN VOCAB,,,,,
wheatear,NOT IN VOCAB,,,,,
whelk,NOT IN VOCAB,,,,,
whelp,IN VOCAB,,,,,
whiff,IN VOCAB,,,,,
whippet,NOT IN VOCAB,,,,,
whippoorwill,NOT IN VOCAB,,,,,
whipsnake,NOT IN VOCAB,,,,,
whiptail,NOT IN VOCAB,,,,,
whirligig beetle,NOT IN VOCAB,,,,,
white marlin,NOT IN VOCAB,,,,,
white tailed deer,NOT IN VOCAB,,,,,
white tiger,NOT IN VOCAB,,,,,
white wolf,NOT IN VOCAB,,,,,
whitebait,NOT IN VOCAB,,,,,
whitefish,IN VOCAB,,,,,
whitefly,NOT IN VOCAB,,,,,
whitetail deer,NOT IN VOCAB,,,,,
whiting,IN VOCAB,,,,,
whooper,NOT IN VOCAB,,,,,
whooper swan,NOT IN VOCAB,,,,,
whooping crane,NOT IN VOCAB,,,,,
widgeon,NOT IN VOCAB,,,,,
widow spider,NOT IN VOCAB,,,,,
wiener dog,NOT IN VOCAB,,,,,
wigeon,NOT IN VOCAB,,,,,
wiggler,NOT IN VOCAB,,,,,
wild boar,NOT IN VOCAB,,,,,
wild dog,NOT IN VOCAB,,,,,
wildcat,IN VOCAB,,,,,
wildebeest,NOT IN VOCAB,,,,,
willet,NOT IN VOCAB,,,,,
winkle,IN VOCAB,,,,,
winter wren,NOT IN VOCAB,,,,,
wireworm,NOT IN VOCAB,,,,,
wolf,IN VOCAB,,,,,
wolf cub,NOT IN VOCAB,,,,,
wolf pup,NOT IN VOCAB,,,,,
wolf spider,NOT IN VOCAB,,,,,
wolffish,NOT IN VOCAB,,,,,
wolfhound,IN VOCAB,,,,,
wolverine,IN VOCAB,,,,,
wolves,IN VOCAB,,,,,
woman,IN VOCAB,,,,,
wombat,NOT IN VOCAB,,,,,
wood pewee,NOT IN VOCAB,,,,,
wood stork,NOT IN VOCAB,,,,,
wood thrush,NOT IN VOCAB,,,,,
woodchuck,IN VOCAB,,,,,
woodcock,IN VOCAB,,,,,
woodcock snipe,NOT IN VOCAB,,,,,
woodland caribou,NOT IN VOCAB,,,,,
woodpecker,IN VOCAB,,,,,
woodworm,NOT IN VOCAB,,,,,
woolly adelgid,NOT IN VOCAB,,,,,
woolly bear,NOT IN VOCAB,,,,,
woolly mammoth,NOT IN VOCAB,,,,,
woolly monkey,NOT IN VOCAB,,,,,
woolly rhinoceros,NOT IN VOCAB,,,,,
worm,IN VOCAB,,,,,
wrasse,NOT IN VOCAB,,,,,
wren,IN VOCAB,,,,,
wriggler,NOT IN VOCAB,,,,,
xerus,NOT IN VOCAB,,,,,
yak,IN VOCAB,,,,,
yearling,NOT IN VOCAB,,,,,
yellow lab,NOT IN VOCAB,,,,,
yellow labrador,NOT IN VOCAB,,,,,
yellow perch,NOT IN VOCAB,,,,,
yellow warbler,NOT IN VOCAB,,,,,
yellowfin,NOT IN VOCAB,,,,,
yellowfin croaker,NOT IN VOCAB,,,,,
yellowfin tuna,NOT IN VOCAB,,,,,
yellowhammer,NOT IN VOCAB,,,,,
yellowjacket,NOT IN VOCAB,,,,,
yellowlegs,IN VOCAB,,,,,
yellowtail,NOT IN VOCAB,,,,,
yellowtail flounder,NOT IN VOCAB,,,,,
yellowtail snapper,NOT IN VOCAB,,,,,
yellowthroat,NOT IN VOCAB,,,,,
yorkie,NOT IN VOCAB,,,,,
yorkshire terrier,NOT IN VOCAB,,,,,
zebra,IN VOCAB,,,,,
zebra finch,NOT IN VOCAB,,,,,
zebra fish,NOT IN VOCAB,,,,,
zebra mussel,NOT IN VOCAB,,,,,
zebrafish,NOT IN VOCAB,,,,,
zebu,NOT IN VOCAB,,,,,
zooplankton,NOT IN VOCAB,,,,,
zorillo,NOT IN VOCAB,,,,,
painted dog,NOT IN VOCAB,,,,,
lightning bug,NOT IN VOCAB,,,,,
flying fox,NOT IN VOCAB,,,,,
tigerfish,NOT IN VOCAB,,,,,
sifaka,NOT IN VOCAB,,,,,
mockingjay,NOT IN VOCAB,,,,,
sphynx,NOT IN VOCAB,,,,,
