Word,Result,,,,,,
Aardvark,NOT IN VOCAB,,,,,*What Animals from AnimalsA-Z are in S2V,
Aardwolf,NOT IN VOCAB,,,,,,
Abyssinian,NOT IN VOCAB,,,,,Row Labels,Count of Word
Abyssinian Guinea Pig,NOT IN VOCAB,,,,,NOT IN VOCAB,2802
Acadian Flycatcher,NOT IN VOCAB,,,,,(blank),
Achrioptera Manga,NOT IN VOCAB,,,,,Grand Total,2802
Ackie Monitor,NOT IN VOCAB,,,,,,
Addax,NOT IN VOCAB,,,,,,
Adélie Penguin,NOT IN VOCAB,,,,,,
Admiral Butterfly,NOT IN VOCAB,,,,,,
Aesculapian Snake,NOT IN VOCAB,,,,,,
Affenpinscher,NOT IN VOCAB,,,,,,
Afghan Hound,NOT IN VOCAB,,,,,,
African Bullfrog,NOT IN VOCAB,,,,,,
African Bush Elephant,NOT IN VOCAB,,,,,,
African Civet,NOT IN VOCAB,,,,,,
African Clawed Frog,NOT IN VOCAB,,,,,,
African Fish Eagle,NOT IN VOCAB,,,,,,
African Forest Elephant,NOT IN VOCAB,,,,,,
African Golden Cat,NOT IN VOCAB,,,,,,
African Grey Parrot,NOT IN VOCAB,,,,,,
African Jacana,NOT IN VOCAB,,,,,,
African Palm Civet,NOT IN VOCAB,,,,,,
African Penguin,NOT IN VOCAB,,,,,,
African Sugarcane Borer,NOT IN VOCAB,,,,,,
African Tree Toad,NOT IN VOCAB,,,,,,
African Wild Dog,NOT IN VOCAB,,,,,,
Africanized bee (killer bee),NOT IN VOCAB,,,,,,
Agama Lizard,NOT IN VOCAB,,,,,,
Agkistrodon Contortrix,NOT IN VOCAB,,,,,,
Agouti,NOT IN VOCAB,,,,,,
Aidi,NOT IN VOCAB,,,,,,
Ainu,NOT IN VOCAB,,,,,,
Airedale Terrier,NOT IN VOCAB,,,,,,
Airedoodle,NOT IN VOCAB,,,,,,
Akbash,NOT IN VOCAB,,,,,,
Akita,NOT IN VOCAB,,,,,,
Akita Shepherd,NOT IN VOCAB,,,,,,
Alabai (Central Asian Shepherd),NOT IN VOCAB,,,,,,
Alaskan Husky,NOT IN VOCAB,,,,,,
Alaskan Klee Kai,NOT IN VOCAB,,,,,,
Alaskan Malamute,NOT IN VOCAB,,,,,,
Alaskan Pollock,NOT IN VOCAB,,,,,,
Alaskan Shepherd,NOT IN VOCAB,,,,,,
Albacore Tuna,NOT IN VOCAB,,,,,,
Albatross,NOT IN VOCAB,,,,,,
Albertonectes,NOT IN VOCAB,,,,,,
Albino (Amelanistic) Corn Snake,NOT IN VOCAB,,,,,,
Aldabra Giant Tortoise,NOT IN VOCAB,,,,,,
Alligator Gar,NOT IN VOCAB,,,,,,
Allosaurus,NOT IN VOCAB,,,,,,
Allosaurus,NOT IN VOCAB,,,,,,
Alpaca,NOT IN VOCAB,,,,,,
Alpine Dachsbracke,NOT IN VOCAB,,,,,,
Alpine Goat,NOT IN VOCAB,,,,,,
Alusky,NOT IN VOCAB,,,,,,
Amano Shrimp,NOT IN VOCAB,,,,,,
Amargasaurus,NOT IN VOCAB,,,,,,
Amazon Parrot,NOT IN VOCAB,,,,,,
Amazon River Dolphin (Pink Dolphin),NOT IN VOCAB,,,,,,
Amazon Tree Boa,NOT IN VOCAB,,,,,,
Amazonian Royal Flycatcher,NOT IN VOCAB,,,,,,
Amberjack,NOT IN VOCAB,,,,,,
Ambrosia Beetle,NOT IN VOCAB,,,,,,
American Alligator,NOT IN VOCAB,,,,,,
American Alsatian,NOT IN VOCAB,,,,,,
American Bulldog,NOT IN VOCAB,,,,,,
American Bully,NOT IN VOCAB,,,,,,
American Cocker Spaniel,NOT IN VOCAB,,,,,,
American Cockroach,NOT IN VOCAB,,,,,,
American Coonhound,NOT IN VOCAB,,,,,,
American Dog Tick,NOT IN VOCAB,,,,,,
American Eel,NOT IN VOCAB,,,,,,
American Eskimo Dog,NOT IN VOCAB,,,,,,
American Foxhound,NOT IN VOCAB,,,,,,
American Hairless Terrier,NOT IN VOCAB,,,,,,
American Leopard Hound,NOT IN VOCAB,,,,,,
American Paddlefish,NOT IN VOCAB,,,,,,
American Pit Bull Terrier,NOT IN VOCAB,,,,,,
American Pugabull,NOT IN VOCAB,,,,,,
American Pygmy Goat,NOT IN VOCAB,,,,,,
American Robin,NOT IN VOCAB,,,,,,
American Staffordshire Terrier,NOT IN VOCAB,,,,,,
American Toad,NOT IN VOCAB,,,,,,
American Water Spaniel,NOT IN VOCAB,,,,,,
American Wirehair,NOT IN VOCAB,,,,,,
Amethystine Python (Scrub Python),NOT IN VOCAB,,,,,,
Amphicoelias Fragillimus,NOT IN VOCAB,,,,,,
Amur Leopard,NOT IN VOCAB,,,,,,
Anaconda,NOT IN VOCAB,,,,,,
Anatolian Shepherd Dog,NOT IN VOCAB,,,,,,
Anchovies,NOT IN VOCAB,,,,,,
Andrewsarchus,NOT IN VOCAB,,,,,,
Angelfish,NOT IN VOCAB,,,,,,
Angelshark,NOT IN VOCAB,,,,,,
Angled Sunbeam Caterpillar,NOT IN VOCAB,,,,,,
Anglerfish,NOT IN VOCAB,,,,,,
Angora Ferret,NOT IN VOCAB,,,,,,
Angora Goat,NOT IN VOCAB,,,,,,
Anhinga,NOT IN VOCAB,,,,,,
Annas Hummingbird,NOT IN VOCAB,,,,,,
Anole Lizard,NOT IN VOCAB,,,,,,
Anomalocaris,NOT IN VOCAB,,,,,,
Ant,NOT IN VOCAB,,,,,,
Antarctic Scale Worm,NOT IN VOCAB,,,,,,
Anteater,NOT IN VOCAB,,,,,,
Antelope,NOT IN VOCAB,,,,,,
Anteosaurus,NOT IN VOCAB,,,,,,
Antiguan Racer Snake,NOT IN VOCAB,,,,,,
Ape,NOT IN VOCAB,,,,,,
Apennine Wolf,NOT IN VOCAB,,,,,,
Appenzeller Dog,NOT IN VOCAB,,,,,,
Apple Head Chihuahua,NOT IN VOCAB,,,,,,
Apple Moth,NOT IN VOCAB,,,,,,
Arabian Cobra,NOT IN VOCAB,,,,,,
Arabian Wolf,NOT IN VOCAB,,,,,,
Arafura File Snake,NOT IN VOCAB,,,,,,
Arambourgiania,NOT IN VOCAB,,,,,,
Arapaima,NOT IN VOCAB,,,,,,
Archaeoindris,NOT IN VOCAB,,,,,,
Archaeopteryx,NOT IN VOCAB,,,,,,
Archaeotherium,NOT IN VOCAB,,,,,,
Archelon Turtle,NOT IN VOCAB,,,,,,
Archerfish,NOT IN VOCAB,,,,,,
Arctic Char,NOT IN VOCAB,,,,,,
Arctic Fox,NOT IN VOCAB,,,,,,
Arctic Hare,NOT IN VOCAB,,,,,,
Arctic Wolf,NOT IN VOCAB,,,,,,
Arctodus,NOT IN VOCAB,,,,,,
Arctotherium,NOT IN VOCAB,,,,,,
Argentavis Magnificens,NOT IN VOCAB,,,,,,
Argentine Black and White Tegu,NOT IN VOCAB,,,,,,
Argentine Horned Frog,NOT IN VOCAB,,,,,,
Argentinosaurus,NOT IN VOCAB,,,,,,
Arizona Bark Scorpion,NOT IN VOCAB,,,,,,
Arizona Black Rattlesnake,NOT IN VOCAB,,,,,,
Arizona Blonde Tarantula,NOT IN VOCAB,,,,,,
Arizona Coral Snake,NOT IN VOCAB,,,,,,
Armadillo,NOT IN VOCAB,,,,,,
Armadillo Lizard,NOT IN VOCAB,,,,,,
Armenian Gampr,NOT IN VOCAB,,,,,,
Armored Catfish,NOT IN VOCAB,,,,,,
Armyworm,NOT IN VOCAB,,,,,,
Arsinoitherium,NOT IN VOCAB,,,,,,
Arthropleura,NOT IN VOCAB,,,,,,
Aruba Rattlesnake,NOT IN VOCAB,,,,,,
Ashy Mining Bee,NOT IN VOCAB,,,,,,
Asian Arowana,NOT IN VOCAB,,,,,,
Asian Carp,NOT IN VOCAB,,,,,,
Asian Cockroach,NOT IN VOCAB,,,,,,
Asian Elephant,NOT IN VOCAB,,,,,,
Asian Giant Hornet,NOT IN VOCAB,,,,,,
Asian Lady Beetle,NOT IN VOCAB,,,,,,
Asian Longhorn Beetle,NOT IN VOCAB,,,,,,
Asian Palm Civet,NOT IN VOCAB,,,,,,
Asian Vine Snake,NOT IN VOCAB,,,,,,
Asian Water Monitor,NOT IN VOCAB,,,,,,
Asiatic Black Bear,NOT IN VOCAB,,,,,,
Asp,NOT IN VOCAB,,,,,,
Asp Caterpillar,NOT IN VOCAB,,,,,,
Assassin Bug,NOT IN VOCAB,,,,,,
Assassin Snail,NOT IN VOCAB,,,,,,
Atlantic Cod,NOT IN VOCAB,,,,,,
Atlantic Salmon,NOT IN VOCAB,,,,,,
Atlantic Sturgeon,NOT IN VOCAB,,,,,,
Atlas Beetle,NOT IN VOCAB,,,,,,
Atlas Moth,NOT IN VOCAB,,,,,,
Aurochs,NOT IN VOCAB,,,,,,
Aussiedoodle,NOT IN VOCAB,,,,,,
Aussiedor,NOT IN VOCAB,,,,,,
Aussiepom,NOT IN VOCAB,,,,,,
Australian Bulldog,NOT IN VOCAB,,,,,,
Australian Cattle Dog,NOT IN VOCAB,,,,,,
Australian Cockroach,NOT IN VOCAB,,,,,,
Australian Firehawk,NOT IN VOCAB,,,,,,
Australian Flathead Perch,NOT IN VOCAB,,,,,,
Australian Gecko,NOT IN VOCAB,,,,,,
Australian Kelpie Dog,NOT IN VOCAB,,,,,,
Australian Labradoodle,NOT IN VOCAB,,,,,,
Australian Mist,NOT IN VOCAB,,,,,,
Australian Retriever,NOT IN VOCAB,,,,,,
Australian Shepherd,NOT IN VOCAB,,,,,,
Australian Shepherd Mix,NOT IN VOCAB,,,,,,
Australian Terrier,NOT IN VOCAB,,,,,,
Australopithecus,NOT IN VOCAB,,,,,,
Australorp Chicken,NOT IN VOCAB,,,,,,
Avocet,NOT IN VOCAB,,,,,,
Axanthic Ball Python,NOT IN VOCAB,,,,,,
Axolotl,NOT IN VOCAB,,,,,,
Ayam Cemani,NOT IN VOCAB,,,,,,
Aye-aye,NOT IN VOCAB,,,,,,
Azawakh,NOT IN VOCAB,,,,,,
Babirusa,NOT IN VOCAB,,,,,,
Baboon,NOT IN VOCAB,,,,,,
Bactrian Camel,NOT IN VOCAB,,,,,,
Badger,NOT IN VOCAB,,,,,,
Bagle  Basset Hound Mix,NOT IN VOCAB,,,,,,
Bagworm Moth,NOT IN VOCAB,,,,,,
Bagworm Moth Caterpillar,NOT IN VOCAB,,,,,,
Bairds Rat Snake,NOT IN VOCAB,,,,,,
Bald Eagle,NOT IN VOCAB,,,,,,
Baleen Whale,NOT IN VOCAB,,,,,,
Balinese,NOT IN VOCAB,,,,,,
Balkan Lynx,NOT IN VOCAB,,,,,,
Ball Python,NOT IN VOCAB,,,,,,
Bamboo Shark,NOT IN VOCAB,,,,,,
Bamboo Worms,NOT IN VOCAB,,,,,,
Banana Ball Python,NOT IN VOCAB,,,,,,
Banana Cinnamon Ball Python,NOT IN VOCAB,,,,,,
Banana Eel,NOT IN VOCAB,,,,,,
Banana Spider,NOT IN VOCAB,,,,,,
Banded Krait,NOT IN VOCAB,,,,,,
Banded Palm Civet,NOT IN VOCAB,,,,,,
Banded Water Snake,NOT IN VOCAB,,,,,,
Bandicoot,NOT IN VOCAB,,,,,,
Banjo Catfish,NOT IN VOCAB,,,,,,
Barb,NOT IN VOCAB,,,,,,
Barbet,NOT IN VOCAB,,,,,,
Barbuts Cuckoo Bumblebee,NOT IN VOCAB,,,,,,
Barinasuchus,NOT IN VOCAB,,,,,,
Bark Beetle,NOT IN VOCAB,,,,,,
Bark Scorpion,NOT IN VOCAB,,,,,,
Barn Owl,NOT IN VOCAB,,,,,,
Barn Spider,NOT IN VOCAB,,,,,,
Barn Swallow,NOT IN VOCAB,,,,,,
Barnacle,NOT IN VOCAB,,,,,,
Barnevelder,NOT IN VOCAB,,,,,,
Barosaurus,NOT IN VOCAB,,,,,,
Barracuda,NOT IN VOCAB,,,,,,
Barramundi Fish,NOT IN VOCAB,,,,,,
Barred Owl,NOT IN VOCAB,,,,,,
Barreleye Fish (Barrel Eye),NOT IN VOCAB,,,,,,
Barylambda,NOT IN VOCAB,,,,,,
Basenji Dog,NOT IN VOCAB,,,,,,
Basenji Mix,NOT IN VOCAB,,,,,,
Basilisk Lizard,NOT IN VOCAB,,,,,,
Basilosaurus,NOT IN VOCAB,,,,,,
Basking Shark,NOT IN VOCAB,,,,,,
Bass,NOT IN VOCAB,,,,,,
Bassador,NOT IN VOCAB,,,,,,
Basset Fauve de Bretagne,NOT IN VOCAB,,,,,,
Basset Hound,NOT IN VOCAB,,,,,,
Bassetoodle,NOT IN VOCAB,,,,,,
Bat,NOT IN VOCAB,,,,,,
Bat-Eared Fox,NOT IN VOCAB,,,,,,
Batfish,NOT IN VOCAB,,,,,,
Bavarian Mountain Hound,NOT IN VOCAB,,,,,,
Baya,NOT IN VOCAB,,,,,,
Bea-Tzu,NOT IN VOCAB,,,,,,
Beabull,NOT IN VOCAB,,,,,,
Beagador,NOT IN VOCAB,,,,,,
Beagle,NOT IN VOCAB,,,,,,
Beagle Mix,NOT IN VOCAB,,,,,,
Beagle Shepherd,NOT IN VOCAB,,,,,,
Beaglier,NOT IN VOCAB,,,,,,
Beago,NOT IN VOCAB,,,,,,
Bear,NOT IN VOCAB,,,,,,
Bearded Collie,NOT IN VOCAB,,,,,,
Bearded Dragon,NOT IN VOCAB,,,,,,
Bearded Fireworm,NOT IN VOCAB,,,,,,
Bearded Vulture,NOT IN VOCAB,,,,,,
Beaski,NOT IN VOCAB,,,,,,
Beauceron,NOT IN VOCAB,,,,,,
Beauty rat snake,NOT IN VOCAB,,,,,,
Beaver,NOT IN VOCAB,,,,,,
Bed Bugs,NOT IN VOCAB,,,,,,
Bedlington Terrier,NOT IN VOCAB,,,,,,
Bee,NOT IN VOCAB,,,,,,
Bee-Eater,NOT IN VOCAB,,,,,,
Beefalo,NOT IN VOCAB,,,,,,
Beetle,NOT IN VOCAB,,,,,,
Beewolf wasp,NOT IN VOCAB,,,,,,
Belgian Canary,NOT IN VOCAB,,,,,,
Belgian Laekenois,NOT IN VOCAB,,,,,,
Belgian Malinois,NOT IN VOCAB,,,,,,
Belgian Malinois Mix,NOT IN VOCAB,,,,,,
Belgian Sheepdog,NOT IN VOCAB,,,,,,
Belgian Shepherd,NOT IN VOCAB,,,,,,
Belgian Tervuren,NOT IN VOCAB,,,,,,
Belted Kingfisher,NOT IN VOCAB,,,,,,
Beluga Sturgeon,NOT IN VOCAB,,,,,,
Beluga Sturgeon,NOT IN VOCAB,,,,,,
Bengal Tiger,NOT IN VOCAB,,,,,,
Bergamasco,NOT IN VOCAB,,,,,,
Berger Blanc Suisse,NOT IN VOCAB,,,,,,
Berger Picard,NOT IN VOCAB,,,,,,
Bernedoodle,NOT IN VOCAB,,,,,,
Bernese Mountain Dog,NOT IN VOCAB,,,,,,
Bernese Mountain Dog Mix,NOT IN VOCAB,,,,,,
Bernese Shepherd,NOT IN VOCAB,,,,,,
Betta Fish (Siamese Fighting Fish),NOT IN VOCAB,,,,,,
Bhutan Takin,NOT IN VOCAB,,,,,,
Bichir,NOT IN VOCAB,,,,,,
Bichon Frise,NOT IN VOCAB,,,,,,
Bichpoo,NOT IN VOCAB,,,,,,
Biewer Terrier,NOT IN VOCAB,,,,,,
Bigfin Reef Squid ,NOT IN VOCAB,,,,,,
Bighorn Sheep,NOT IN VOCAB,,,,,,
Bilby,NOT IN VOCAB,,,,,,
Binturong,NOT IN VOCAB,,,,,,
Bird,NOT IN VOCAB,,,,,,
Bird Of Paradise,NOT IN VOCAB,,,,,,
Bird Snake,NOT IN VOCAB,,,,,,
Birman,NOT IN VOCAB,,,,,,
Biscuit Beetle,NOT IN VOCAB,,,,,,
Bismarck Ringed Python,NOT IN VOCAB,,,,,,
Bison,NOT IN VOCAB,,,,,,
Black And Tan Coonhound,NOT IN VOCAB,,,,,,
Black and White Warbler,NOT IN VOCAB,,,,,,
Black Aphids,NOT IN VOCAB,,,,,,
Black Bass,NOT IN VOCAB,,,,,,
Black Crappie,NOT IN VOCAB,,,,,,
Black Dragon Lizard,NOT IN VOCAB,,,,,,
Black German Shepherd,NOT IN VOCAB,,,,,,
Black Mamba,NOT IN VOCAB,,,,,,
Black Marlin,NOT IN VOCAB,,,,,,
Black Mouth Cur,NOT IN VOCAB,,,,,,
Black Pastel Ball Python,NOT IN VOCAB,,,,,,
Black Rat Snake,NOT IN VOCAB,,,,,,
Black Rhinoceros,NOT IN VOCAB,,,,,,
Black Russian Terrier,NOT IN VOCAB,,,,,,
Black Sea Bass,NOT IN VOCAB,,,,,,
Black Swallowtail,NOT IN VOCAB,,,,,,
Black Swallowtail Caterpillar,NOT IN VOCAB,,,,,,
Black Tarantula,NOT IN VOCAB,,,,,,
Black Throat Monitor,NOT IN VOCAB,,,,,,
Black Wasp,NOT IN VOCAB,,,,,,
Black Widow Spider,NOT IN VOCAB,,,,,,
Black Witch Moth,NOT IN VOCAB,,,,,,
Black-Bellied Whistling Duck,NOT IN VOCAB,,,,,,
Black-Capped Chickadee,NOT IN VOCAB,,,,,,
Black-Footed Ferret,NOT IN VOCAB,,,,,,
Black-headed python,NOT IN VOCAB,,,,,,
Black-Tailed Rattlesnake,NOT IN VOCAB,,,,,,
Blackburnian Warbler,NOT IN VOCAB,,,,,,
Blackfin Tuna,NOT IN VOCAB,,,,,,
Blacknose Shark,NOT IN VOCAB,,,,,,
Blackpoll Warbler,NOT IN VOCAB,,,,,,
Blacktip Reef Shark,NOT IN VOCAB,,,,,,
Blacktip Shark ,NOT IN VOCAB,,,,,,
Bladefin Basslet,NOT IN VOCAB,,,,,,
Blanket Octopus,NOT IN VOCAB,,,,,,
Blind Snake,NOT IN VOCAB,,,,,,
Blister Beetle,NOT IN VOCAB,,,,,,
Blister Beetle,NOT IN VOCAB,,,,,,
Blobfish,NOT IN VOCAB,,,,,,
Blood Python,NOT IN VOCAB,,,,,,
Bloodhound,NOT IN VOCAB,,,,,,
Blowfly,NOT IN VOCAB,,,,,,
Blue Andalusian,NOT IN VOCAB,,,,,,
Blue Belly Lizard,NOT IN VOCAB,,,,,,
Blue Catfish,NOT IN VOCAB,,,,,,
Blue Death Feigning Beetle,NOT IN VOCAB,,,,,,
Blue Dragon Sea Slug,NOT IN VOCAB,,,,,,
Blue Eyed Pleco,NOT IN VOCAB,,,,,,
Blue German Shepherd,NOT IN VOCAB,,,,,,
Blue Gray Gnatcatcher,NOT IN VOCAB,,,,,,
Blue grosbeak,NOT IN VOCAB,,,,,,
Blue Iguana,NOT IN VOCAB,,,,,,
Blue Jay,NOT IN VOCAB,,,,,,
Blue Lacy Dog,NOT IN VOCAB,,,,,,
Blue Nose Pit Bull,NOT IN VOCAB,,,,,,
Blue Picardy Spaniel,NOT IN VOCAB,,,,,,
Blue Racer,NOT IN VOCAB,,,,,,
Blue Shark,NOT IN VOCAB,,,,,,
Blue Tanager (Blue-Grey Tanager),NOT IN VOCAB,,,,,,
Blue Tang,NOT IN VOCAB,,,,,,
Blue Tit,NOT IN VOCAB,,,,,,
Blue Whale,NOT IN VOCAB,,,,,,
Blue-Ringed Octopus,NOT IN VOCAB,,,,,,
Bluefin Tuna,NOT IN VOCAB,,,,,,
Bluefish,NOT IN VOCAB,,,,,,
Bluegill,NOT IN VOCAB,,,,,,
Bluetick Coonhound,NOT IN VOCAB,,,,,,
Boas,NOT IN VOCAB,,,,,,
Bobcat,NOT IN VOCAB,,,,,,
Bobolink,NOT IN VOCAB,,,,,,
Boelens python,NOT IN VOCAB,,,,,,
Boer Goat,NOT IN VOCAB,,,,,,
Boerboel,NOT IN VOCAB,,,,,,
Boggle,NOT IN VOCAB,,,,,,
Boglen Terrier,NOT IN VOCAB,,,,,,
Boiga,NOT IN VOCAB,,,,,,
Bolivian Anaconda,NOT IN VOCAB,,,,,,
Bolognese Dog,NOT IN VOCAB,,,,,,
Bombardier Beetle,NOT IN VOCAB,,,,,,
Bombay,NOT IN VOCAB,,,,,,
Bonefish,NOT IN VOCAB,,,,,,
Bongo,NOT IN VOCAB,,,,,,
Bonito Fish,NOT IN VOCAB,,,,,,
Bonnethead Shark,NOT IN VOCAB,,,,,,
Bonobo,NOT IN VOCAB,,,,,,
Booby,NOT IN VOCAB,,,,,,
Boomslang,NOT IN VOCAB,,,,,,
Booted Bantam,NOT IN VOCAB,,,,,,
Borador,NOT IN VOCAB,,,,,,
Border Collie,NOT IN VOCAB,,,,,,
Border Collie Mix,NOT IN VOCAB,,,,,,
Border Terrier,NOT IN VOCAB,,,,,,
Bordoodle,NOT IN VOCAB,,,,,,
Borkie,NOT IN VOCAB,,,,,,
Bornean Orangutan,NOT IN VOCAB,,,,,,
Borneo Elephant,NOT IN VOCAB,,,,,,
Boskimo,NOT IN VOCAB,,,,,,
Boston Terrier,NOT IN VOCAB,,,,,,
Bottlenose Dolphin,NOT IN VOCAB,,,,,,
Bouvier Des Flandres,NOT IN VOCAB,,,,,,
Bowfin,NOT IN VOCAB,,,,,,
Bowhead Whale,NOT IN VOCAB,,,,,,
Box Jellyfish,NOT IN VOCAB,,,,,,
Box Tree Moth,NOT IN VOCAB,,,,,,
Box Turtle,NOT IN VOCAB,,,,,,
Box-Headed Blood Bee,NOT IN VOCAB,,,,,,
Boxachi,NOT IN VOCAB,,,,,,
Boxador,NOT IN VOCAB,,,,,,
Boxer Dog,NOT IN VOCAB,,,,,,
Boxer Mix,NOT IN VOCAB,,,,,,
Boxerdoodle,NOT IN VOCAB,,,,,,
Boxfish,NOT IN VOCAB,,,,,,
Boxsky,NOT IN VOCAB,,,,,,
Boxweiler,NOT IN VOCAB,,,,,,
Boykin Spaniel,NOT IN VOCAB,,,,,,
Bracco Italiano,NOT IN VOCAB,,,,,,
Brachiosaurus,NOT IN VOCAB,,,,,,
Brahma Chicken,NOT IN VOCAB,,,,,,
Brahminy Blindsnake,NOT IN VOCAB,,,,,,
Braque du Bourbonnais,NOT IN VOCAB,,,,,,
Braque Francais,NOT IN VOCAB,,,,,,
Brazilian Black Tarantula,NOT IN VOCAB,,,,,,
Brazilian Terrier,NOT IN VOCAB,,,,,,
Brazilian Treehopper,NOT IN VOCAB,,,,,,
Bredls Python,NOT IN VOCAB,,,,,,
Briard,NOT IN VOCAB,,,,,,
British Timber,NOT IN VOCAB,,,,,,
Brittany,NOT IN VOCAB,,,,,,
Brontosaurus,NOT IN VOCAB,,,,,,
Bronze Whaler Shark,NOT IN VOCAB,,,,,,
Bronze-winged Jacana,NOT IN VOCAB,,,,,,
Brook Trout,NOT IN VOCAB,,,,,,
Brookesia Micra,NOT IN VOCAB,,,,,,
Brown Bear,NOT IN VOCAB,,,,,,
Brown Dog Tick,NOT IN VOCAB,,,,,,
Brown Headed Cowbird,NOT IN VOCAB,,,,,,
Brown Hyena,NOT IN VOCAB,,,,,,
Brown Snake,NOT IN VOCAB,,,,,,
Brown Tree Snake,NOT IN VOCAB,,,,,,
Brown Water Snake,NOT IN VOCAB,,,,,,
Brown-banded Cockroach,NOT IN VOCAB,,,,,,
Brug,NOT IN VOCAB,,,,,,
Brussels Griffon,NOT IN VOCAB,,,,,,
Budgerigar,NOT IN VOCAB,,,,,,
Buff Orpington Chicken,NOT IN VOCAB,,,,,,
Buffalo,NOT IN VOCAB,,,,,,
Buffalo Fish,NOT IN VOCAB,,,,,,
Bull and Terrier,NOT IN VOCAB,,,,,,
Bull Shark,NOT IN VOCAB,,,,,,
Bull Terrier,NOT IN VOCAB,,,,,,
Bull Trout,NOT IN VOCAB,,,,,,
Bullboxer,NOT IN VOCAB,,,,,,
Bulldog,NOT IN VOCAB,,,,,,
Bulldog Mix,NOT IN VOCAB,,,,,,
Bullfrog,NOT IN VOCAB,,,,,,
Bullmastiff,NOT IN VOCAB,,,,,,
Bullsnake,NOT IN VOCAB,,,,,,
Bumblebee,NOT IN VOCAB,,,,,,
Burmese,NOT IN VOCAB,,,,,,
Burmese Python,NOT IN VOCAB,,,,,,
Burrowing Frog,NOT IN VOCAB,,,,,,
Burrowing Owl,NOT IN VOCAB,,,,,,
Bush Baby,NOT IN VOCAB,,,,,,
Bush Viper,NOT IN VOCAB,,,,,,
Bushmaster Snake,NOT IN VOCAB,,,,,,
Butterfly,NOT IN VOCAB,,,,,,
Butterfly Fish,NOT IN VOCAB,,,,,,
Cabbage Moth,NOT IN VOCAB,,,,,,
Cactus Moth,NOT IN VOCAB,,,,,,
Cactus Mouse,NOT IN VOCAB,,,,,,
Cactus Wren,NOT IN VOCAB,,,,,,
Caecilian,NOT IN VOCAB,,,,,,
Caiman,NOT IN VOCAB,,,,,,
Caiman Lizard,NOT IN VOCAB,,,,,,
Cairn Terrier,NOT IN VOCAB,,,,,,
California Condor,NOT IN VOCAB,,,,,,
California Kingsnake,NOT IN VOCAB,,,,,,
California Tarantula,NOT IN VOCAB,,,,,,
Camel,NOT IN VOCAB,,,,,,
Camel Cricket,NOT IN VOCAB,,,,,,
Camel Spider,NOT IN VOCAB,,,,,,
Campine Chicken,NOT IN VOCAB,,,,,,
Canaan Dog,NOT IN VOCAB,,,,,,
Canada Lynx,NOT IN VOCAB,,,,,,
Canada Warbler,NOT IN VOCAB,,,,,,
Canadian Eskimo Dog,NOT IN VOCAB,,,,,,
Canadian Horse,NOT IN VOCAB,,,,,,
Cane Corso,NOT IN VOCAB,,,,,,
Cane Rat,NOT IN VOCAB,,,,,,
Cane Spider,NOT IN VOCAB,,,,,,
Cantil,NOT IN VOCAB,,,,,,
Canvasback,NOT IN VOCAB,,,,,,
Cape Lion,NOT IN VOCAB,,,,,,
Capuchin,NOT IN VOCAB,,,,,,
Capybara,NOT IN VOCAB,,,,,,
Caracal,NOT IN VOCAB,,,,,,
Cardinal,NOT IN VOCAB,,,,,,
Caribbean Reef Shark,NOT IN VOCAB,,,,,,
Caribou,NOT IN VOCAB,,,,,,
Carolina Dog,NOT IN VOCAB,,,,,,
Carolina Parakeet,NOT IN VOCAB,,,,,,
Carp,NOT IN VOCAB,,,,,,
Carpenter Ant,NOT IN VOCAB,,,,,,
Carpet Beetle,NOT IN VOCAB,,,,,,
Carpet Python,NOT IN VOCAB,,,,,,
Carpet Viper,NOT IN VOCAB,,,,,,
Carrion Beetle,NOT IN VOCAB,,,,,,
Cascabel,NOT IN VOCAB,,,,,,
Cashmere Goat,NOT IN VOCAB,,,,,,
Cassowary,NOT IN VOCAB,,,,,,
Cat,NOT IN VOCAB,,,,,,
Cat Snake,NOT IN VOCAB,,,,,,
Cat-Eyed Snake,NOT IN VOCAB,,,,,,
Cat-Faced Spider,NOT IN VOCAB,,,,,,
Catahoula Bulldog,NOT IN VOCAB,,,,,,
Catahoula Leopard,NOT IN VOCAB,,,,,,
Catalan Sheepdog,NOT IN VOCAB,,,,,,
Caterpillar,NOT IN VOCAB,,,,,,
Catfish,NOT IN VOCAB,,,,,,
Caucasian Mountain Dog (Shepherd),NOT IN VOCAB,,,,,,
Caucasian Shepherd,NOT IN VOCAB,,,,,,
Cava Tzu,NOT IN VOCAB,,,,,,
Cavador,NOT IN VOCAB,,,,,,
Cavalier King Charles Spaniel,NOT IN VOCAB,,,,,,
Cavapoo,NOT IN VOCAB,,,,,,
Cave Bear,NOT IN VOCAB,,,,,,
Cave Lion,NOT IN VOCAB,,,,,,
Cecropia Moth,NOT IN VOCAB,,,,,,
Cedar Waxwing,NOT IN VOCAB,,,,,,
Centipede,NOT IN VOCAB,,,,,,
Central Ranges Taipan,NOT IN VOCAB,,,,,,
Cephalaspis,NOT IN VOCAB,,,,,,
Ceratopsian,NOT IN VOCAB,,,,,,
Ceratosaurus,NOT IN VOCAB,,,,,,
Cervalces latifrons (Broad-Fronted Moose),NOT IN VOCAB,,,,,,
Cesky Fousek,NOT IN VOCAB,,,,,,
Cesky Terrier,NOT IN VOCAB,,,,,,
Chain Pickerel,NOT IN VOCAB,,,,,,
Chameleon,NOT IN VOCAB,,,,,,
Chamois,NOT IN VOCAB,,,,,,
Chartreux,NOT IN VOCAB,,,,,,
Cheagle,NOT IN VOCAB,,,,,,
Checkered Garter Snake,NOT IN VOCAB,,,,,,
Cheetah,NOT IN VOCAB,,,,,,
Chesapeake Bay Retriever,NOT IN VOCAB,,,,,,
Chestnut-Sided Warbler,NOT IN VOCAB,,,,,,
Chi Chi,NOT IN VOCAB,,,,,,
Chickadee,NOT IN VOCAB,,,,,,
Chicken,NOT IN VOCAB,,,,,,
Chicken Snake,NOT IN VOCAB,,,,,,
Chigger,NOT IN VOCAB,,,,,,
Chihuahua,NOT IN VOCAB,,,,,,
Chihuahua Mix,NOT IN VOCAB,,,,,,
Childrens python,NOT IN VOCAB,,,,,,
Chilean Recluse Spider,NOT IN VOCAB,,,,,,
Chilean Rose Tarantula,NOT IN VOCAB,,,,,,
Chilesaurus,NOT IN VOCAB,,,,,,
Chimaera,NOT IN VOCAB,,,,,,
Chimpanzee,NOT IN VOCAB,,,,,,
Chinchilla,NOT IN VOCAB,,,,,,
Chinese Alligator,NOT IN VOCAB,,,,,,
Chinese Cobra,NOT IN VOCAB,,,,,,
Chinese Crested Dog,NOT IN VOCAB,,,,,,
Chinese Geese,NOT IN VOCAB,,,,,,
Chinese Paddlefish,NOT IN VOCAB,,,,,,
Chinese Shar-Pei,NOT IN VOCAB,,,,,,
Chinese Water Deer,NOT IN VOCAB,,,,,,
Chinook,NOT IN VOCAB,,,,,,
Chinook Salmon,NOT IN VOCAB,,,,,,
Chinstrap Penguin,NOT IN VOCAB,,,,,,
Chipit,NOT IN VOCAB,,,,,,
Chipmunk,NOT IN VOCAB,,,,,,
Chipoo,NOT IN VOCAB,,,,,,
Chipping Sparrow,NOT IN VOCAB,,,,,,
Chiton,NOT IN VOCAB,,,,,,
Chiweenie,NOT IN VOCAB,,,,,,
Chorkie,NOT IN VOCAB,,,,,,
Chow Chow,NOT IN VOCAB,,,,,,
Chow Pom,NOT IN VOCAB,,,,,,
Chow Shepherd,NOT IN VOCAB,,,,,,
Christmas Beetle,NOT IN VOCAB,,,,,,
Christmas Island Red Crab,NOT IN VOCAB,,,,,,
Chromodoris Willani,NOT IN VOCAB,,,,,,
Chusky,NOT IN VOCAB,,,,,,
Cicada,NOT IN VOCAB,,,,,,
Cichlid,NOT IN VOCAB,,,,,,
Cinereous Vulture,NOT IN VOCAB,,,,,,
Cinnamon Ball Python,NOT IN VOCAB,,,,,,
Cinnamon Bear,NOT IN VOCAB,,,,,,
Cinnamon Ferret,NOT IN VOCAB,,,,,,
Clarks Grebe,NOT IN VOCAB,,,,,,
Clearnose Skate,NOT IN VOCAB,,,,,,
Click Beetle,NOT IN VOCAB,,,,,,
Clock Spider,NOT IN VOCAB,,,,,,
Clothes Moth,NOT IN VOCAB,,,,,,
Clouded Leopard,NOT IN VOCAB,,,,,,
Clownfish,NOT IN VOCAB,,,,,,
Clumber Spaniel,NOT IN VOCAB,,,,,,
Coachwhip Snake,NOT IN VOCAB,,,,,,
Coastal Taipan,NOT IN VOCAB,,,,,,
Coati,NOT IN VOCAB,,,,,,
Cobalt Blue Tarantula,NOT IN VOCAB,,,,,,
Cobia Fish,NOT IN VOCAB,,,,,,
Cobras,NOT IN VOCAB,,,,,,
Cochin Chicken,NOT IN VOCAB,,,,,,
Cockalier,NOT IN VOCAB,,,,,,
Cockapoo,NOT IN VOCAB,,,,,,
Cockatiel,NOT IN VOCAB,,,,,,
Cockatoo,NOT IN VOCAB,,,,,,
Cocker Spaniel,NOT IN VOCAB,,,,,,
Cockle,NOT IN VOCAB,,,,,,
Cockroach,NOT IN VOCAB,,,,,,
Coconut Crab ,NOT IN VOCAB,,,,,,
Codfish,NOT IN VOCAB,,,,,,
Codling Moth,NOT IN VOCAB,,,,,,
Coelacanth,NOT IN VOCAB,,,,,,
Collared Peccary,NOT IN VOCAB,,,,,,
Colletts Snake,NOT IN VOCAB,,,,,,
Collie,NOT IN VOCAB,,,,,,
Collie Mix,NOT IN VOCAB,,,,,,
Colossal Squid,NOT IN VOCAB,,,,,,
Comb Jellyfish,NOT IN VOCAB,,,,,,
Comb-crested Jacana,NOT IN VOCAB,,,,,,
Comet Moth,NOT IN VOCAB,,,,,,
Comfort Retriever,NOT IN VOCAB,,,,,,
Common Buzzard,NOT IN VOCAB,,,,,,
Common Carp,NOT IN VOCAB,,,,,,
Common European Adder,NOT IN VOCAB,,,,,,
Common Frog,NOT IN VOCAB,,,,,,
Common Furniture Beetle,NOT IN VOCAB,,,,,,
Common Goldeneye,NOT IN VOCAB,,,,,,
Common Grackle,NOT IN VOCAB,,,,,,
Common Green Magpie,NOT IN VOCAB,,,,,,
Common House Spider,NOT IN VOCAB,,,,,,
Common Loon,NOT IN VOCAB,,,,,,
Common Raven,NOT IN VOCAB,,,,,,
Common Spotted Cuscus,NOT IN VOCAB,,,,,,
Common Toad,NOT IN VOCAB,,,,,,
Common Yellowthroat,NOT IN VOCAB,,,,,,
Compsognathus,NOT IN VOCAB,,,,,,
Cone Snail,NOT IN VOCAB,,,,,,
Conger Eel,NOT IN VOCAB,,,,,,
Congo Snake,NOT IN VOCAB,,,,,,
Conure,NOT IN VOCAB,,,,,,
Cookiecutter Shark,NOT IN VOCAB,,,,,,
Coopers Hawk,NOT IN VOCAB,,,,,,
Copperhead,NOT IN VOCAB,,,,,,
Coral,NOT IN VOCAB,,,,,,
Coral Snake,NOT IN VOCAB,,,,,,
Corella,NOT IN VOCAB,,,,,,
Corgidor,NOT IN VOCAB,,,,,,
Corgipoo,NOT IN VOCAB,,,,,,
Corkie,NOT IN VOCAB,,,,,,
Corman Shepherd,NOT IN VOCAB,,,,,,
Cormorant,NOT IN VOCAB,,,,,,
Corn Earworm,NOT IN VOCAB,,,,,,
Corn Rex Cat (Cornish Rex),NOT IN VOCAB,,,,,,
Corn Snake,NOT IN VOCAB,,,,,,
Cory Catfish,NOT IN VOCAB,,,,,,
Coryphodon,NOT IN VOCAB,,,,,,
Costas Hummingbird,NOT IN VOCAB,,,,,,
Coton de Tulear,NOT IN VOCAB,,,,,,
Cotton-top Tamarin,NOT IN VOCAB,,,,,,
Cottonmouth,NOT IN VOCAB,,,,,,
Coues Deer,NOT IN VOCAB,,,,,,
Cougar,NOT IN VOCAB,,,,,,
Cow,NOT IN VOCAB,,,,,,
Cow Reticulated Python,NOT IN VOCAB,,,,,,
Coyote,NOT IN VOCAB,,,,,,
Crab,NOT IN VOCAB,,,,,,
Crab Spider,NOT IN VOCAB,,,,,,
Crab-Eating Fox,NOT IN VOCAB,,,,,,
Crab-Eating Macaque,NOT IN VOCAB,,,,,,
Crabeater Seal,NOT IN VOCAB,,,,,,
Crane,NOT IN VOCAB,,,,,,
Crappie Fish,NOT IN VOCAB,,,,,,
Crayfish,NOT IN VOCAB,,,,,,
Crested Gecko,NOT IN VOCAB,,,,,,
Crested Penguin,NOT IN VOCAB,,,,,,
Cricket,NOT IN VOCAB,,,,,,
Croatian Sheepdog,NOT IN VOCAB,,,,,,
Crocodile,NOT IN VOCAB,,,,,,
Crocodile Monitor,NOT IN VOCAB,,,,,,
Crocodile Shark,NOT IN VOCAB,,,,,,
Crocodylomorph,NOT IN VOCAB,,,,,,
Cross Fox,NOT IN VOCAB,,,,,,
Cross River Gorilla,NOT IN VOCAB,,,,,,
Crow,NOT IN VOCAB,,,,,,
Crucian Carp,NOT IN VOCAB,,,,,,
Cryolophosaurus,NOT IN VOCAB,,,,,,
Cuban Boa,NOT IN VOCAB,,,,,,
Cuban Cockroach,NOT IN VOCAB,,,,,,
Cubera Snapper,NOT IN VOCAB,,,,,,
Cuckoo,NOT IN VOCAB,,,,,,
Cucumber Beetle,NOT IN VOCAB,,,,,,
Curly Coated Retriever,NOT IN VOCAB,,,,,,
Curly Hair Tarantula,NOT IN VOCAB,,,,,,
Cuttlefish,NOT IN VOCAB,,,,,,
Czechoslovakian Wolfdog,NOT IN VOCAB,,,,,,
Dachsador,NOT IN VOCAB,,,,,,
Dachshund,NOT IN VOCAB,,,,,,
Dachshund Mix,NOT IN VOCAB,,,,,,
Daeodon,NOT IN VOCAB,,,,,,
Dalmadoodle,NOT IN VOCAB,,,,,,
Dalmador,NOT IN VOCAB,,,,,,
Dalmatian,NOT IN VOCAB,,,,,,
Dalmatian Mix,NOT IN VOCAB,,,,,,
Damselfish,NOT IN VOCAB,,,,,,
Dandie Dinmont Terrier,NOT IN VOCAB,,,,,,
Daniff,NOT IN VOCAB,,,,,,
Danios,NOT IN VOCAB,,,,,,
Danish Swedish Farmdog,NOT IN VOCAB,,,,,,
Dapple Dachshund,NOT IN VOCAB,,,,,,
Dark-Eyed Junco,NOT IN VOCAB,,,,,,
Dark-Eyed Junco,NOT IN VOCAB,,,,,,
Darkling Beetle,NOT IN VOCAB,,,,,,
Darwins fox,NOT IN VOCAB,,,,,,
Darwins Frog,NOT IN VOCAB,,,,,,
Daug,NOT IN VOCAB,,,,,,
De Brazzas Monkey,NOT IN VOCAB,,,,,,
De Kays Brown Snake,NOT IN VOCAB,,,,,,
Death Adder,NOT IN VOCAB,,,,,,
Deaths Head Cockroach,NOT IN VOCAB,,,,,,
Deathwatch Beetle,NOT IN VOCAB,,,,,,
Decorator Crab,NOT IN VOCAB,,,,,,
Deer,NOT IN VOCAB,,,,,,
Deer Head Chihuahua,NOT IN VOCAB,,,,,,
Deer Mouse,NOT IN VOCAB,,,,,,
Deer Tick,NOT IN VOCAB,,,,,,
Deinocheirus,NOT IN VOCAB,,,,,,
Deinosuchus,NOT IN VOCAB,,,,,,
Desert Ghost Ball Python,NOT IN VOCAB,,,,,,
Desert Kingsnake,NOT IN VOCAB,,,,,,
Desert Locust,NOT IN VOCAB,,,,,,
Desert Rain Frog,NOT IN VOCAB,,,,,,
Desert Tortoise,NOT IN VOCAB,,,,,,
Desert Wolf,NOT IN VOCAB,,,,,,
Desmostylus,NOT IN VOCAB,,,,,,
Deutsche Bracke,NOT IN VOCAB,,,,,,
Devils Coach Horse Beetle,NOT IN VOCAB,,,,,,
Devon Rex,NOT IN VOCAB,,,,,,
Dhole,NOT IN VOCAB,,,,,,
Diamond Python,NOT IN VOCAB,,,,,,
Diamondback Moth,NOT IN VOCAB,,,,,,
Dickcissel,NOT IN VOCAB,,,,,,
Dickinsonia,NOT IN VOCAB,,,,,,
Dik-Dik,NOT IN VOCAB,,,,,,
Dilophosaurus,NOT IN VOCAB,,,,,,
Dimetrodon,NOT IN VOCAB,,,,,,
Diminutive Woodrat,NOT IN VOCAB,,,,,,
Dingo,NOT IN VOCAB,,,,,,
Dinocrocuta,NOT IN VOCAB,,,,,,
Dinofelis,NOT IN VOCAB,,,,,,
Dinopithecus,NOT IN VOCAB,,,,,,
Dinosaur Shrimp,NOT IN VOCAB,,,,,,
Dinosaurs,NOT IN VOCAB,,,,,,
Diplodocus,NOT IN VOCAB,,,,,,
Diprotodon,NOT IN VOCAB,,,,,,
Dire Wolf,NOT IN VOCAB,,,,,,
Disco Clam,NOT IN VOCAB,,,,,,
Discus,NOT IN VOCAB,,,,,,
Diving Bell Spider (Water Spider),NOT IN VOCAB,,,,,,
Diving Duck,NOT IN VOCAB,,,,,,
Doberman Pinscher,NOT IN VOCAB,,,,,,
Dobsonfly,NOT IN VOCAB,,,,,,
Dodo,NOT IN VOCAB,,,,,,
Doedicurus,NOT IN VOCAB,,,,,,
Dog,NOT IN VOCAB,,,,,,
Dog Tick,NOT IN VOCAB,,,,,,
Dogo Argentino,NOT IN VOCAB,,,,,,
Dogue De Bordeaux,NOT IN VOCAB,,,,,,
Dolphin,NOT IN VOCAB,,,,,,
Donkey,NOT IN VOCAB,,,,,,
Dorgi,NOT IN VOCAB,,,,,,
Dorkie,NOT IN VOCAB,,,,,,
Dorking Chicken,NOT IN VOCAB,,,,,,
Dormouse,NOT IN VOCAB,,,,,,
Double Doodle,NOT IN VOCAB,,,,,,
Douc,NOT IN VOCAB,,,,,,
Downy Woodpecker,NOT IN VOCAB,,,,,,
Doxiepoo,NOT IN VOCAB,,,,,,
Doxle,NOT IN VOCAB,,,,,,
Draco Volans Lizard,NOT IN VOCAB,,,,,,
Dragon Eel,NOT IN VOCAB,,,,,,
"Dragon Snake (Javan Tubercle Snake, Javan Mudsnake)",NOT IN VOCAB,,,,,,
Dragonfish,NOT IN VOCAB,,,,,,
Dragonfly,NOT IN VOCAB,,,,,,
Dreadnoughtus,NOT IN VOCAB,,,,,,
Drever,NOT IN VOCAB,,,,,,
Dried Fruit Moth,NOT IN VOCAB,,,,,,
Dromornis stirtoni,NOT IN VOCAB,,,,,,
Drum Fish,NOT IN VOCAB,,,,,,
Dubia Cockroach,NOT IN VOCAB,,,,,,
Duck,NOT IN VOCAB,,,,,,
Dugong,NOT IN VOCAB,,,,,,
Dumerils Boa,NOT IN VOCAB,,,,,,
Dung Beetle,NOT IN VOCAB,,,,,,
Dungeness Crab,NOT IN VOCAB,,,,,,
Dunker,NOT IN VOCAB,,,,,,
Dunkleosteus,NOT IN VOCAB,,,,,,
Dunnock,NOT IN VOCAB,,,,,,
Dusky Dolphin,NOT IN VOCAB,,,,,,
Dusky Shark,NOT IN VOCAB,,,,,,
Dutch Rabbit,NOT IN VOCAB,,,,,,
Dutch Shepherd,NOT IN VOCAB,,,,,,
Dwarf Boa,NOT IN VOCAB,,,,,,
Dwarf Crocodile,NOT IN VOCAB,,,,,,
Dwarf Gourami,NOT IN VOCAB,,,,,,
Dwarf Hamster,NOT IN VOCAB,,,,,,
Eagle,NOT IN VOCAB,,,,,,
Eagle Ray,NOT IN VOCAB,,,,,,
Eared Grebe,NOT IN VOCAB,,,,,,
Earless Monitor Lizard,NOT IN VOCAB,,,,,,
Earthworm,NOT IN VOCAB,,,,,,
Earwig,NOT IN VOCAB,,,,,,
East Siberian Laika,NOT IN VOCAB,,,,,,
Eastern Barred Bandicoot,NOT IN VOCAB,,,,,,
Eastern Bluebird,NOT IN VOCAB,,,,,,
Eastern Box Turtle,NOT IN VOCAB,,,,,,
Eastern Brown Snake,NOT IN VOCAB,,,,,,
Eastern Chipmunk,NOT IN VOCAB,,,,,,
Eastern Coral Snake,NOT IN VOCAB,,,,,,
Eastern Cottontail,NOT IN VOCAB,,,,,,
Eastern Diamondback Rattlesnake,NOT IN VOCAB,,,,,,
Eastern Dobsonfly,NOT IN VOCAB,,,,,,
Eastern Fence Lizard,NOT IN VOCAB,,,,,,
Eastern Glass Lizard,NOT IN VOCAB,,,,,,
Eastern Gorilla,NOT IN VOCAB,,,,,,
Eastern Gray Squirrel,NOT IN VOCAB,,,,,,
Eastern Green Mamba,NOT IN VOCAB,,,,,,
Eastern Hognose Snake,NOT IN VOCAB,,,,,,
Eastern Indigo Snake,NOT IN VOCAB,,,,,,
Eastern Kingbird,NOT IN VOCAB,,,,,,
Eastern Lowland Gorilla,NOT IN VOCAB,,,,,,
Eastern Meadowlark,NOT IN VOCAB,,,,,,
Eastern Phoebe,NOT IN VOCAB,,,,,,
Eastern Racer,NOT IN VOCAB,,,,,,
Eastern Rat Snake,NOT IN VOCAB,,,,,,
Eastern Tiger Snake,NOT IN VOCAB,,,,,,
Eastern Turkey (Wild Turkey),NOT IN VOCAB,,,,,,
Eastern Woodrat,NOT IN VOCAB,,,,,,
Echidna,NOT IN VOCAB,,,,,,
Eclectus Parrot,NOT IN VOCAB,,,,,,
Edible Frog,NOT IN VOCAB,,,,,,
Eel,NOT IN VOCAB,,,,,,
Eel catfish,NOT IN VOCAB,,,,,,
Eelpout,NOT IN VOCAB,,,,,,
Egret,NOT IN VOCAB,,,,,,
Egyptian Cobra (Egyptian Asp),NOT IN VOCAB,,,,,,
Egyptian Goose,NOT IN VOCAB,,,,,,
Egyptian Mau,NOT IN VOCAB,,,,,,
Egyptian Tortoise,NOT IN VOCAB,,,,,,
Egyptian Vulture,NOT IN VOCAB,,,,,,
Eider,NOT IN VOCAB,,,,,,
Eland,NOT IN VOCAB,,,,,,
Elasmosaurus,NOT IN VOCAB,,,,,,
Elasmotherium,NOT IN VOCAB,,,,,,
Electric Catfish,NOT IN VOCAB,,,,,,
Electric Eel,NOT IN VOCAB,,,,,,
Elegant Tern,NOT IN VOCAB,,,,,,
Elephant,NOT IN VOCAB,,,,,,
Elephant Beetle,NOT IN VOCAB,,,,,,
Elephant Bird,NOT IN VOCAB,,,,,,
Elephant Fish,NOT IN VOCAB,,,,,,
Elephant Seal,NOT IN VOCAB,,,,,,
Elephant Shrew,NOT IN VOCAB,,,,,,
Elf Owl,NOT IN VOCAB,,,,,,
Elk,NOT IN VOCAB,,,,,,
Ember Tetra,NOT IN VOCAB,,,,,,
Embolotherium,NOT IN VOCAB,,,,,,
Emerald Toucanet,NOT IN VOCAB,,,,,,
Emerald Tree Boa,NOT IN VOCAB,,,,,,
Emerald Tree Monitor,NOT IN VOCAB,,,,,,
Emperor Angelfish,NOT IN VOCAB,,,,,,
Emperor Goose,NOT IN VOCAB,,,,,,
Emperor Penguin,NOT IN VOCAB,,,,,,
Emperor Tamarin,NOT IN VOCAB,,,,,,
Emu,NOT IN VOCAB,,,,,,
Enchi Ball Python,NOT IN VOCAB,,,,,,
English Bulldog,NOT IN VOCAB,,,,,,
English Cocker Spaniel,NOT IN VOCAB,,,,,,
English Cream Golden Retriever,NOT IN VOCAB,,,,,,
English Crested Guinea Pig,NOT IN VOCAB,,,,,,
English Foxhound,NOT IN VOCAB,,,,,,
English Longhorn Cattle,NOT IN VOCAB,,,,,,
English Pointer,NOT IN VOCAB,,,,,,
English Setter,NOT IN VOCAB,,,,,,
English Shepherd,NOT IN VOCAB,,,,,,
English Springer Spaniel,NOT IN VOCAB,,,,,,
English Toy Terrier,NOT IN VOCAB,,,,,,
Entlebucher Mountain Dog,NOT IN VOCAB,,,,,,
Epagneul Pont Audemer,NOT IN VOCAB,,,,,,
Epicyon haydeni,NOT IN VOCAB,,,,,,
Epidexipteryx,NOT IN VOCAB,,,,,,
Equatorial Spitting Cobra,NOT IN VOCAB,,,,,,
Equus giganteus,NOT IN VOCAB,,,,,,
Ermine,NOT IN VOCAB,,,,,,
Eryops,NOT IN VOCAB,,,,,,
Escolar,NOT IN VOCAB,,,,,,
Eskimo Dog,NOT IN VOCAB,,,,,,
Eskipoo,NOT IN VOCAB,,,,,,
Estrela Mountain Dog,NOT IN VOCAB,,,,,,
Euoplocephalus,NOT IN VOCAB,,,,,,
Eurasian Beaver,NOT IN VOCAB,,,,,,
Eurasian Bullfinch,NOT IN VOCAB,,,,,,
Eurasian Collared Dove,NOT IN VOCAB,,,,,,
Eurasian Eagle-owl,NOT IN VOCAB,,,,,,
Eurasian Jay,NOT IN VOCAB,,,,,,
Eurasian Lynx,NOT IN VOCAB,,,,,,
Eurasian Nuthatch,NOT IN VOCAB,,,,,,
Eurasian Sparrowhawk,NOT IN VOCAB,,,,,,
Eurasian Wolf,NOT IN VOCAB,,,,,,
Eurasier,NOT IN VOCAB,,,,,,
European Bee-Eater,NOT IN VOCAB,,,,,,
European Corn Borer,NOT IN VOCAB,,,,,,
European Goldfinch,NOT IN VOCAB,,,,,,
European Polecat,NOT IN VOCAB,,,,,,
European Robin,NOT IN VOCAB,,,,,,
European Starling,NOT IN VOCAB,,,,,,
European Wildcat,NOT IN VOCAB,,,,,,
Eurypterus,NOT IN VOCAB,,,,,,
Evening Bat,NOT IN VOCAB,,,,,,
Evening Grosbeak,NOT IN VOCAB,,,,,,
Executioner Wasp ,NOT IN VOCAB,,,,,,
Eyelash Viper,NOT IN VOCAB,,,,,,
Fainting Goat,NOT IN VOCAB,,,,,,
Fairy-Wren,NOT IN VOCAB,,,,,,
Falcon,NOT IN VOCAB,,,,,,
Fallow deer,NOT IN VOCAB,,,,,,
False Cobra,NOT IN VOCAB,,,,,,
False coral snake,NOT IN VOCAB,,,,,,
False Killer Whale,NOT IN VOCAB,,,,,,
False Water Cobra,NOT IN VOCAB,,,,,,
False Widow Spider,NOT IN VOCAB,,,,,,
Fancy Mouse,NOT IN VOCAB,,,,,,
Fangtooth,NOT IN VOCAB,,,,,,
Feather Star,NOT IN VOCAB,,,,,,
Feist,NOT IN VOCAB,,,,,,
Fennec Fox,NOT IN VOCAB,,,,,,
Fer-de-lance Snake,NOT IN VOCAB,,,,,,
Ferret,NOT IN VOCAB,,,,,,
Ferruginous Hawk,NOT IN VOCAB,,,,,,
Fiddler Crab,NOT IN VOCAB,,,,,,
Field Cuckoo Bumblebee,NOT IN VOCAB,,,,,,
Field Spaniel,NOT IN VOCAB,,,,,,
Fierce Snake,NOT IN VOCAB,,,,,,
Figeater Beetle,NOT IN VOCAB,,,,,,
Fila Brasileiro,NOT IN VOCAB,,,,,,
Fin Whale,NOT IN VOCAB,,,,,,
Finch,NOT IN VOCAB,,,,,,
Finnish Lapphund,NOT IN VOCAB,,,,,,
Finnish Spitz,NOT IN VOCAB,,,,,,
Fire Ball Python,NOT IN VOCAB,,,,,,
Fire Eel,NOT IN VOCAB,,,,,,
Fire Salamander,NOT IN VOCAB,,,,,,
Fire-Bellied Toad,NOT IN VOCAB,,,,,,
Firefly,NOT IN VOCAB,,,,,,
Firefly Ball Python,NOT IN VOCAB,,,,,,
Fish,NOT IN VOCAB,,,,,,
Fisher,NOT IN VOCAB,,,,,,
Fishing Cat,NOT IN VOCAB,,,,,,
Fishing Spiders,NOT IN VOCAB,,,,,,
Flamingo,NOT IN VOCAB,,,,,,
Flat-Coated Retriever,NOT IN VOCAB,,,,,,
Flathead Catfish,NOT IN VOCAB,,,,,,
Flea,NOT IN VOCAB,,,,,,
Flea Beetle,NOT IN VOCAB,,,,,,
Fleckvieh Cattle,NOT IN VOCAB,,,,,,
Florida Gar,NOT IN VOCAB,,,,,,
Florida Mouse,NOT IN VOCAB,,,,,,
Florida Panther,NOT IN VOCAB,,,,,,
Florida Woods Cockroach,NOT IN VOCAB,,,,,,
Flounder,NOT IN VOCAB,,,,,,
Flounder Fish,NOT IN VOCAB,,,,,,
Flour Beetle,NOT IN VOCAB,,,,,,
Flowerhorn Fish,NOT IN VOCAB,,,,,,
Fluke Fish (summer flounder),NOT IN VOCAB,,,,,,
Fly,NOT IN VOCAB,,,,,,
Flycatcher,NOT IN VOCAB,,,,,,
Flying Fish,NOT IN VOCAB,,,,,,
Flying Lemur,NOT IN VOCAB,,,,,,
Flying Snake,NOT IN VOCAB,,,,,,
Flying Squirrel,NOT IN VOCAB,,,,,,
Football Fish,NOT IN VOCAB,,,,,,
Forest Cobra,NOT IN VOCAB,,,,,,
Forest Cuckoo Bumblebee,NOT IN VOCAB,,,,,,
Formosan Mountain Dog,NOT IN VOCAB,,,,,,
Fossa,NOT IN VOCAB,,,,,,
Fox,NOT IN VOCAB,,,,,,
Fox Snakes,NOT IN VOCAB,,,,,,
Fox Squirrel,NOT IN VOCAB,,,,,,
Fox Terrier,NOT IN VOCAB,,,,,,
Freeway Ball Python,NOT IN VOCAB,,,,,,
French Bulldog,NOT IN VOCAB,,,,,,
French Bulldog Mix,NOT IN VOCAB,,,,,,
French Lop,NOT IN VOCAB,,,,,,
Frenchton,NOT IN VOCAB,,,,,,
Frengle,NOT IN VOCAB,,,,,,
Freshwater Crocodile,NOT IN VOCAB,,,,,,
Freshwater Drum,NOT IN VOCAB,,,,,,
Freshwater Eel,NOT IN VOCAB,,,,,,
Freshwater Jellyfish,NOT IN VOCAB,,,,,,
Freshwater Sunfish,NOT IN VOCAB,,,,,,
Frigatebird,NOT IN VOCAB,,,,,,
Frilled Lizard,NOT IN VOCAB,,,,,,
Frilled Shark,NOT IN VOCAB,,,,,,
Fritillary Butterfly,NOT IN VOCAB,,,,,,
Frizzle Chicken,NOT IN VOCAB,,,,,,
Frog,NOT IN VOCAB,,,,,,
Frogfish,NOT IN VOCAB,,,,,,
Frug,NOT IN VOCAB,,,,,,
Fruit Bat,NOT IN VOCAB,,,,,,
Fruit Fly,NOT IN VOCAB,,,,,,
Fulvous Whistling Duck,NOT IN VOCAB,,,,,,
Fur Seal,NOT IN VOCAB,,,,,,
Furrow Bee,NOT IN VOCAB,,,,,,
Gaboon Viper,NOT IN VOCAB,,,,,,
Gadwall,NOT IN VOCAB,,,,,,
Galapagos Penguin,NOT IN VOCAB,,,,,,
Galapagos Shark,NOT IN VOCAB,,,,,,
Galapagos Tortoise,NOT IN VOCAB,,,,,,
Gar,NOT IN VOCAB,,,,,,
Garden Eel,NOT IN VOCAB,,,,,,
Garden Spider,NOT IN VOCAB,,,,,,
Gargoyle Gecko,NOT IN VOCAB,,,,,,
Garter Snake,NOT IN VOCAB,,,,,,
Gastornis,NOT IN VOCAB,,,,,,
Gazelle,NOT IN VOCAB,,,,,,
Gecko,NOT IN VOCAB,,,,,,
Genet,NOT IN VOCAB,,,,,,
Gentoo Penguin,NOT IN VOCAB,,,,,,
Geoffroys Tamarin,NOT IN VOCAB,,,,,,
Gerberian Shepsky,NOT IN VOCAB,,,,,,
Gerbil,NOT IN VOCAB,,,,,,
German Cockroach,NOT IN VOCAB,,,,,,
German Longhaired Pointer,NOT IN VOCAB,,,,,,
German Pinscher,NOT IN VOCAB,,,,,,
German Shepherd Guide,NOT IN VOCAB,,,,,,
German Shepherd Mix,NOT IN VOCAB,,,,,,
German Sheppit,NOT IN VOCAB,,,,,,
German Sheprador,NOT IN VOCAB,,,,,,
German Shorthaired Pointer,NOT IN VOCAB,,,,,,
German Spitz,NOT IN VOCAB,,,,,,
German Wirehaired Pointer,NOT IN VOCAB,,,,,,
Gharial,NOT IN VOCAB,,,,,,
Ghost Catfish,NOT IN VOCAB,,,,,,
Ghost Crab,NOT IN VOCAB,,,,,,
Giant African Land Snail,NOT IN VOCAB,,,,,,
Giant Armadillo,NOT IN VOCAB,,,,,,
Giant Beaver,NOT IN VOCAB,,,,,,
Giant Clam,NOT IN VOCAB,,,,,,
Giant Desert Centipede,NOT IN VOCAB,,,,,,
Giant Golden Mole,NOT IN VOCAB,,,,,,
Giant House Spider,NOT IN VOCAB,,,,,,
Giant Isopod,NOT IN VOCAB,,,,,,
Giant Leopard Moth,NOT IN VOCAB,,,,,,
Giant Panda Bear,NOT IN VOCAB,,,,,,
Giant Salamander,NOT IN VOCAB,,,,,,
Giant Schnauzer,NOT IN VOCAB,,,,,,
Giant Schnoodle,NOT IN VOCAB,,,,,,
Giant Siphonophore,NOT IN VOCAB,,,,,,
Giant Trevally,NOT IN VOCAB,,,,,,
Giant Weta,NOT IN VOCAB,,,,,,
Giant Wood Moth,NOT IN VOCAB,,,,,,
Gibbon,NOT IN VOCAB,,,,,,
Gigantopithecus,NOT IN VOCAB,,,,,,
Gila Monster,NOT IN VOCAB,,,,,,
Giraffe,NOT IN VOCAB,,,,,,
Glass Frog,NOT IN VOCAB,,,,,,
Glass Lizard,NOT IN VOCAB,,,,,,
Glechon,NOT IN VOCAB,,,,,,
Glen Of Imaal Terrier,NOT IN VOCAB,,,,,,
Glowworm,NOT IN VOCAB,,,,,,
Gnat,NOT IN VOCAB,,,,,,
Goat,NOT IN VOCAB,,,,,,
Goberian,NOT IN VOCAB,,,,,,
Goblin Shark,NOT IN VOCAB,,,,,,
Goby Fish,NOT IN VOCAB,,,,,,
Goldador,NOT IN VOCAB,,,,,,
Goldcrest,NOT IN VOCAB,,,,,,
Golden Dox,NOT IN VOCAB,,,,,,
Golden Eagle,NOT IN VOCAB,,,,,,
Golden Irish,NOT IN VOCAB,,,,,,
Golden Jackal,NOT IN VOCAB,,,,,,
Golden Lancehead,NOT IN VOCAB,,,,,,
Golden Lion Tamarin,NOT IN VOCAB,,,,,,
Golden Masked Owl,NOT IN VOCAB,,,,,,
Golden Mole,NOT IN VOCAB,,,,,,
Golden Newfie,NOT IN VOCAB,,,,,,
Golden Oriole,NOT IN VOCAB,,,,,,
Golden Pyrenees,NOT IN VOCAB,,,,,,
Golden Retriever,NOT IN VOCAB,,,,,,
Golden Retriever Mix,NOT IN VOCAB,,,,,,
Golden Saint,NOT IN VOCAB,,,,,,
Golden Shepherd,NOT IN VOCAB,,,,,,
Golden Shiner,NOT IN VOCAB,,,,,,
Golden Tortoise Beetle,NOT IN VOCAB,,,,,,
Golden Trout,NOT IN VOCAB,,,,,,
Golden-Crowned Flying Fox,NOT IN VOCAB,,,,,,
Golden-Crowned Kinglet,NOT IN VOCAB,,,,,,
Goldendoodle,NOT IN VOCAB,,,,,,
Goldfish,NOT IN VOCAB,,,,,,
Goliath Beetle,NOT IN VOCAB,,,,,,
Goliath Frog,NOT IN VOCAB,,,,,,
Goliath Grouper,NOT IN VOCAB,,,,,,
Goliath Tigerfish,NOT IN VOCAB,,,,,,
Gollie,NOT IN VOCAB,,,,,,
Gomphotherium,NOT IN VOCAB,,,,,,
Goonch Catfish,NOT IN VOCAB,,,,,,
Goose,NOT IN VOCAB,,,,,,
Gooty Sapphire Tarantula,NOT IN VOCAB,,,,,,
Gopher,NOT IN VOCAB,,,,,,
Gopher Snake,NOT IN VOCAB,,,,,,
Gopher Tortoise,NOT IN VOCAB,,,,,,
Goral,NOT IN VOCAB,,,,,,
Gordon Setter,NOT IN VOCAB,,,,,,
Gorgosaurus,NOT IN VOCAB,,,,,,
Gorilla,NOT IN VOCAB,,,,,,
Goshawk,NOT IN VOCAB,,,,,,
Gouldian Finch,NOT IN VOCAB,,,,,,
Gourami,NOT IN VOCAB,,,,,,
Grapevine Beetle,NOT IN VOCAB,,,,,,
Grass Carp,NOT IN VOCAB,,,,,,
Grass Snake,NOT IN VOCAB,,,,,,
Grass Spider,NOT IN VOCAB,,,,,,
Grasshopper,NOT IN VOCAB,,,,,,
Grasshopper Mouse,NOT IN VOCAB,,,,,,
Gray Catbird,NOT IN VOCAB,,,,,,
Gray Fox,NOT IN VOCAB,,,,,,
Gray Tree Frog,NOT IN VOCAB,,,,,,
Great Blue Heron,NOT IN VOCAB,,,,,,
Great Crested Flycatcher,NOT IN VOCAB,,,,,,
Great Dane,NOT IN VOCAB,,,,,,
Great Dane Mix,NOT IN VOCAB,,,,,,
Great Danoodle,NOT IN VOCAB,,,,,,
Great Egret,NOT IN VOCAB,,,,,,
Great Hammerhead Shark,NOT IN VOCAB,,,,,,
Great Kiskadee,NOT IN VOCAB,,,,,,
Great Plains Rat Snake,NOT IN VOCAB,,,,,,
Great Potoo Bird,NOT IN VOCAB,,,,,,
Great Pyrenees,NOT IN VOCAB,,,,,,
Great Pyrenees Mix,NOT IN VOCAB,,,,,,
Great White Shark,NOT IN VOCAB,,,,,,
Greater Swiss Mountain Dog,NOT IN VOCAB,,,,,,
Grebe,NOT IN VOCAB,,,,,,
Green Anaconda,NOT IN VOCAB,,,,,,
Green Anole,NOT IN VOCAB,,,,,,
Green Aphids,NOT IN VOCAB,,,,,,
Green Bee-Eater,NOT IN VOCAB,,,,,,
Green Bottle Blue Tarantula,NOT IN VOCAB,,,,,,
Green Frog,NOT IN VOCAB,,,,,,
Green Heron,NOT IN VOCAB,,,,,,
Green June Beetle,NOT IN VOCAB,,,,,,
Green Mamba,NOT IN VOCAB,,,,,,
Green Rat Snake,NOT IN VOCAB,,,,,,
Green Snake,NOT IN VOCAB,,,,,,
Green Sunfish,NOT IN VOCAB,,,,,,
Green Tree Frog,NOT IN VOCAB,,,,,,
Green Tree Python,NOT IN VOCAB,,,,,,
Greenland Dog,NOT IN VOCAB,,,,,,
Greenland Shark,NOT IN VOCAB,,,,,,
Grey Heron,NOT IN VOCAB,,,,,,
Grey Mouse Lemur,NOT IN VOCAB,,,,,,
Grey Reef Shark,NOT IN VOCAB,,,,,,
Grey Seal,NOT IN VOCAB,,,,,,
Greyhound,NOT IN VOCAB,,,,,,
Griffon Vulture,NOT IN VOCAB,,,,,,
Griffonshire,NOT IN VOCAB,,,,,,
Grizzly Bear,NOT IN VOCAB,,,,,,
Groenendael,NOT IN VOCAB,,,,,,
Ground Snake,NOT IN VOCAB,,,,,,
Ground Squirrel,NOT IN VOCAB,,,,,,
Groundhog (Woodchuck),NOT IN VOCAB,,,,,,
Groundhog Tick,NOT IN VOCAB,,,,,,
Grouper,NOT IN VOCAB,,,,,,
Grouse,NOT IN VOCAB,,,,,,
Grunion,NOT IN VOCAB,,,,,,
Guadalupe Bass,NOT IN VOCAB,,,,,,
Guinea Fowl,NOT IN VOCAB,,,,,,
Guinea Pig,NOT IN VOCAB,,,,,,
Gulper Catfish ,NOT IN VOCAB,,,,,,
Gulper Eel ,NOT IN VOCAB,,,,,,
Guppy,NOT IN VOCAB,,,,,,
Gypsy Cuckoo Bumblebee,NOT IN VOCAB,,,,,,
Gypsy Moth,NOT IN VOCAB,,,,,,
Gypsy Moth Caterpillar,NOT IN VOCAB,,,,,,
Haasts Eagle,NOT IN VOCAB,,,,,,
Habu Snake,NOT IN VOCAB,,,,,,
Haddock,NOT IN VOCAB,,,,,,
Hagfish,NOT IN VOCAB,,,,,,
Haikouichthys,NOT IN VOCAB,,,,,,
Hainosaurus,NOT IN VOCAB,,,,,,
Hairy Frogfish,NOT IN VOCAB,,,,,,
Hairy Woodpecker,NOT IN VOCAB,,,,,,
Hairy-footed Flower Bee,NOT IN VOCAB,,,,,,
Halibut,NOT IN VOCAB,,,,,,
Hallucigenia,NOT IN VOCAB,,,,,,
Hamburg Chicken,NOT IN VOCAB,,,,,,
Hammerhead Shark,NOT IN VOCAB,,,,,,
Hammerhead Worm,NOT IN VOCAB,,,,,,
Hammonds flycatcher,NOT IN VOCAB,,,,,,
Hamster,NOT IN VOCAB,,,,,,
Harbor Porpoise,NOT IN VOCAB,,,,,,
Harbor Seal,NOT IN VOCAB,,,,,,
Hardhead Catfish,NOT IN VOCAB,,,,,,
Hare,NOT IN VOCAB,,,,,,
Harlequin Coral Snake,NOT IN VOCAB,,,,,,
Harlequin Rabbit,NOT IN VOCAB,,,,,,
Harp Seal,NOT IN VOCAB,,,,,,
Harpy Eagle,NOT IN VOCAB,,,,,,
Harrier,NOT IN VOCAB,,,,,,
Harriss Hawk,NOT IN VOCAB,,,,,,
Hartebeest,NOT IN VOCAB,,,,,,
Hatzegopteryx,NOT IN VOCAB,,,,,,
Havamalt,NOT IN VOCAB,,,,,,
Havanese,NOT IN VOCAB,,,,,,
Havapoo,NOT IN VOCAB,,,,,,
Havashire,NOT IN VOCAB,,,,,,
Havashu,NOT IN VOCAB,,,,,,
Hawaiian Crow,NOT IN VOCAB,,,,,,
Hawaiian Goose (Nene),NOT IN VOCAB,,,,,,
Hawaiian Monk Seal,NOT IN VOCAB,,,,,,
Hawk,NOT IN VOCAB,,,,,,
Hawk Moth Caterpillar,NOT IN VOCAB,,,,,,
Hedgehog,NOT IN VOCAB,,,,,,
Helicoprion,NOT IN VOCAB,,,,,,
Hellbender,NOT IN VOCAB,,,,,,
Hepatic Tanager (Red Tanager),NOT IN VOCAB,,,,,,
Hercules Beetle,NOT IN VOCAB,,,,,,
Hercules Moth,NOT IN VOCAB,,,,,,
Hermit Crab,NOT IN VOCAB,,,,,,
Heron,NOT IN VOCAB,,,,,,
Herrerasaurus,NOT IN VOCAB,,,,,,
Herring,NOT IN VOCAB,,,,,,
Herring Gull,NOT IN VOCAB,,,,,,
Highland Cattle,NOT IN VOCAB,,,,,,
Himalayan,NOT IN VOCAB,,,,,,
Hippopotamus,NOT IN VOCAB,,,,,,
Hippopotamus gorgops,NOT IN VOCAB,,,,,,
Hoary Bat,NOT IN VOCAB,,,,,,
Hobo Spider,NOT IN VOCAB,,,,,,
Hogfish,NOT IN VOCAB,,,,,,
Hognose snake,NOT IN VOCAB,,,,,,
Hokkaido,NOT IN VOCAB,,,,,,
Holy Cross Frog,NOT IN VOCAB,,,,,,
Honduran White Bat,NOT IN VOCAB,,,,,,
Honey Badger,NOT IN VOCAB,,,,,,
Honey Bee,NOT IN VOCAB,,,,,,
Honey Buzzard,NOT IN VOCAB,,,,,,
Hooded Oriole,NOT IN VOCAB,,,,,,
Hooded Seal,NOT IN VOCAB,,,,,,
Hook-Nosed Sea Snake,NOT IN VOCAB,,,,,,
Hoopoe,NOT IN VOCAB,,,,,,
Horgi,NOT IN VOCAB,,,,,,
Horn Shark,NOT IN VOCAB,,,,,,
Hornbill,NOT IN VOCAB,,,,,,
Horned Adder,NOT IN VOCAB,,,,,,
Horned Beetle,NOT IN VOCAB,,,,,,
Horned Grebe,NOT IN VOCAB,,,,,,
Horned Lizard,NOT IN VOCAB,,,,,,
Horned Viper,NOT IN VOCAB,,,,,,
Hornet,NOT IN VOCAB,,,,,,
Horse,NOT IN VOCAB,,,,,,
Horse Mackerel,NOT IN VOCAB,,,,,,
Horsefly,NOT IN VOCAB,,,,,,
Horseshoe Crab,NOT IN VOCAB,,,,,,
Houdan Chicken,NOT IN VOCAB,,,,,,
House Finch,NOT IN VOCAB,,,,,,
House Sparrow (English Sparrow),NOT IN VOCAB,,,,,,
House wren,NOT IN VOCAB,,,,,,
Housefly,NOT IN VOCAB,,,,,,
Hovasaurus,NOT IN VOCAB,,,,,,
Hovawart,NOT IN VOCAB,,,,,,
Howler Monkey,NOT IN VOCAB,,,,,,
Human,NOT IN VOCAB,,,,,,
Humboldt Penguin,NOT IN VOCAB,,,,,,
Humboldt Squid,NOT IN VOCAB,,,,,,
Hummingbird,NOT IN VOCAB,,,,,,
Hummingbird Hawk-Moth,NOT IN VOCAB,,,,,,
Humpback Whale,NOT IN VOCAB,,,,,,
Huntaway,NOT IN VOCAB,,,,,,
Huntsman Spider,NOT IN VOCAB,,,,,,
Huskador,NOT IN VOCAB,,,,,,
Huskita,NOT IN VOCAB,,,,,,
Husky,NOT IN VOCAB,,,,,,
Husky Jack,NOT IN VOCAB,,,,,,
Huskydoodle,NOT IN VOCAB,,,,,,
Hyacinth Macaw,NOT IN VOCAB,,,,,,
Hyaenodon,NOT IN VOCAB,,,,,,
Hyena,NOT IN VOCAB,,,,,,
Ibex,NOT IN VOCAB,,,,,,
Ibis,NOT IN VOCAB,,,,,,
Ibizan Hound,NOT IN VOCAB,,,,,,
Icadyptes,NOT IN VOCAB,,,,,,
Icelandic Sheepdog,NOT IN VOCAB,,,,,,
Ichthyosaurus,NOT IN VOCAB,,,,,,
Ichthyostega,NOT IN VOCAB,,,,,,
Iguana,NOT IN VOCAB,,,,,,
Iguanodon,NOT IN VOCAB,,,,,,
IMG Boa Constrictor,NOT IN VOCAB,,,,,,
Immortal Jellyfish,NOT IN VOCAB,,,,,,
Impala,NOT IN VOCAB,,,,,,
Imperial Moth,NOT IN VOCAB,,,,,,
Inchworm,NOT IN VOCAB,,,,,,
Indian Cobra,NOT IN VOCAB,,,,,,
Indian Elephant,NOT IN VOCAB,,,,,,
Indian Giant Squirrel,NOT IN VOCAB,,,,,,
Indian Palm Squirrel,NOT IN VOCAB,,,,,,
Indian python,NOT IN VOCAB,,,,,,
Indian Rhinoceros,NOT IN VOCAB,,,,,,
Indian Star Tortoise,NOT IN VOCAB,,,,,,
Indianmeal Moth,NOT IN VOCAB,,,,,,
Indigo Snake,NOT IN VOCAB,,,,,,
Indochinese Tiger,NOT IN VOCAB,,,,,,
Indri,NOT IN VOCAB,,,,,,
Inland Taipan,NOT IN VOCAB,,,,,,
Insect,NOT IN VOCAB,,,,,,
Insects,NOT IN VOCAB,,,,,,
Io Moth,NOT IN VOCAB,,,,,,
Irish Doodle,NOT IN VOCAB,,,,,,
Irish Elk,NOT IN VOCAB,,,,,,
Irish Setter,NOT IN VOCAB,,,,,,
Irish Terrier,NOT IN VOCAB,,,,,,
Irish Water Spaniel,NOT IN VOCAB,,,,,,
Irish WolfHound,NOT IN VOCAB,,,,,,
Irukandji Jellyfish,NOT IN VOCAB,,,,,,
Italian Greyhound,NOT IN VOCAB,,,,,,
Ivory-billed woodpecker,NOT IN VOCAB,,,,,,
Ivy Bee,NOT IN VOCAB,,,,,,
Jabiru,NOT IN VOCAB,,,,,,
Jacana,NOT IN VOCAB,,,,,,
Jack Crevalle,NOT IN VOCAB,,,,,,
Jack Russells,NOT IN VOCAB,,,,,,
Jack-Chi,NOT IN VOCAB,,,,,,
Jackabee,NOT IN VOCAB,,,,,,
Jackal,NOT IN VOCAB,,,,,,
Jackdaw,NOT IN VOCAB,,,,,,
Jackrabbit,NOT IN VOCAB,,,,,,
Jacksons Chameleon,NOT IN VOCAB,,,,,,
Jagdterrier,NOT IN VOCAB,,,,,,
Jaguar,NOT IN VOCAB,,,,,,
Jaguarundi Cat,NOT IN VOCAB,,,,,,
Jamaican Boa,NOT IN VOCAB,,,,,,
Jamaican Iguana,NOT IN VOCAB,,,,,,
Japanese Bantam Chicken,NOT IN VOCAB,,,,,,
Japanese Beetle,NOT IN VOCAB,,,,,,
Japanese Chin,NOT IN VOCAB,,,,,,
Japanese Macaque,NOT IN VOCAB,,,,,,
Japanese rat snake,NOT IN VOCAB,,,,,,
Japanese Spitz,NOT IN VOCAB,,,,,,
Japanese Squirrel,NOT IN VOCAB,,,,,,
Japanese Terrier,NOT IN VOCAB,,,,,,
Javan Leopard,NOT IN VOCAB,,,,,,
Javan Rhinoceros,NOT IN VOCAB,,,,,,
Javanese,NOT IN VOCAB,,,,,,
Jellyfish,NOT IN VOCAB,,,,,,
Jerboa,NOT IN VOCAB,,,,,,
Jewel Beetle ,NOT IN VOCAB,,,,,,
John Dory,NOT IN VOCAB,,,,,,
Jonah Crab,NOT IN VOCAB,,,,,,
Joro Spider,NOT IN VOCAB,,,,,,
Josephoartigasia monesi,NOT IN VOCAB,,,,,,
Jumping Spider,NOT IN VOCAB,,,,,,
Jungle Carpet Python,NOT IN VOCAB,,,,,,
Junglefowl,NOT IN VOCAB,,,,,,
Kagu,NOT IN VOCAB,,,,,,
Kai Ken,NOT IN VOCAB,,,,,,
Kakapo,NOT IN VOCAB,,,,,,
Kaluga Sturgeon,NOT IN VOCAB,,,,,,
Kamehameha Butterfly,NOT IN VOCAB,,,,,,
Kangal Shepherd Dog,NOT IN VOCAB,,,,,,
Kangaroo,NOT IN VOCAB,,,,,,
Kangaroo Mouse,NOT IN VOCAB,,,,,,
Kangaroo Rat,NOT IN VOCAB,,,,,,
Katydid,NOT IN VOCAB,,,,,,
Kauai ??,NOT IN VOCAB,,,,,,
Kea,NOT IN VOCAB,,,,,,
Keagle,NOT IN VOCAB,,,,,,
Keel-Billed Toucan,NOT IN VOCAB,,,,,,
Keelback,NOT IN VOCAB,,,,,,
Keeshond,NOT IN VOCAB,,,,,,
Kelp Greenling,NOT IN VOCAB,,,,,,
Kentucky Warbler,NOT IN VOCAB,,,,,,
Kenyan Sand Boa,NOT IN VOCAB,,,,,,
Kermode Bear (Spirit Bear),NOT IN VOCAB,,,,,,
Kerry Blue Terrier,NOT IN VOCAB,,,,,,
Kestrel,NOT IN VOCAB,,,,,,
Keta Salmon,NOT IN VOCAB,,,,,,
Key Deer,NOT IN VOCAB,,,,,,
Keyhole Cichlid,NOT IN VOCAB,,,,,,
Khao Manee,NOT IN VOCAB,,,,,,
Khapra Beetle,NOT IN VOCAB,,,,,,
Kiang,NOT IN VOCAB,,,,,,
Kiko Goat,NOT IN VOCAB,,,,,,
Killdeer,NOT IN VOCAB,,,,,,
Killer Clown Ball Python,NOT IN VOCAB,,,,,,
Killer Whale,NOT IN VOCAB,,,,,,
Killifish,NOT IN VOCAB,,,,,,
Kinabalu Giant Red Leech,NOT IN VOCAB,,,,,,
Kinder Goat,NOT IN VOCAB,,,,,,
King Cobra,NOT IN VOCAB,,,,,,
King Crab,NOT IN VOCAB,,,,,,
King Eider,NOT IN VOCAB,,,,,,
King Mackerel,NOT IN VOCAB,,,,,,
King Penguin,NOT IN VOCAB,,,,,,
King Quail,NOT IN VOCAB,,,,,,
King Rat Snake,NOT IN VOCAB,,,,,,
King Salmon,NOT IN VOCAB,,,,,,
King Shepherd,NOT IN VOCAB,,,,,,
King Snake,NOT IN VOCAB,,,,,,
King Vulture,NOT IN VOCAB,,,,,,
Kingfisher,NOT IN VOCAB,,,,,,
Kingklip,NOT IN VOCAB,,,,,,
Kinkajou,NOT IN VOCAB,,,,,,
Kirtlands Snake,NOT IN VOCAB,,,,,,
Kishu,NOT IN VOCAB,,,,,,
Kissing Bugs,NOT IN VOCAB,,,,,,
Kissing Gourami,NOT IN VOCAB,,,,,,
Kit Fox,NOT IN VOCAB,,,,,,
Kitefin Shark,NOT IN VOCAB,,,,,,
Kiwi,NOT IN VOCAB,,,,,,
Klipspringer,NOT IN VOCAB,,,,,,
Knifefish,NOT IN VOCAB,,,,,,
Knight Anole,NOT IN VOCAB,,,,,,
Koala,NOT IN VOCAB,,,,,,
Kodiak Bear,NOT IN VOCAB,,,,,,
Kodkod,NOT IN VOCAB,,,,,,
Koi Fish,NOT IN VOCAB,,,,,,
Kokanee Salmon,NOT IN VOCAB,,,,,,
Komodo Dragon,NOT IN VOCAB,,,,,,
Komondor,NOT IN VOCAB,,,,,,
Kooikerhondje,NOT IN VOCAB,,,,,,
Koolie,NOT IN VOCAB,,,,,,
Korean Jindo,NOT IN VOCAB,,,,,,
Kori Bustard,NOT IN VOCAB,,,,,,
Kouprey,NOT IN VOCAB,,,,,,
Kowari,NOT IN VOCAB,,,,,,
Krait,NOT IN VOCAB,,,,,,
Krill,NOT IN VOCAB,,,,,,
Kudu,NOT IN VOCAB,,,,,,
Kudzu Bug,NOT IN VOCAB,,,,,,
Kuvasz,NOT IN VOCAB,,,,,,
Labahoula,NOT IN VOCAB,,,,,,
Labmaraner,NOT IN VOCAB,,,,,,
Labouts Fairy Wrasse,NOT IN VOCAB,,,,,,
Labrabull,NOT IN VOCAB,,,,,,
Labradane,NOT IN VOCAB,,,,,,
Labradoodle,NOT IN VOCAB,,,,,,
Labrador Retriever,NOT IN VOCAB,,,,,,
Labraheeler,NOT IN VOCAB,,,,,,
Labrottie,NOT IN VOCAB,,,,,,
Lace Bug,NOT IN VOCAB,,,,,,
Lace Monitor,NOT IN VOCAB,,,,,,
Ladybug,NOT IN VOCAB,,,,,,
Ladyfish,NOT IN VOCAB,,,,,,
Lagotto Romagnolo,NOT IN VOCAB,,,,,,
Lake Sturgeon,NOT IN VOCAB,,,,,,
Lake Trout,NOT IN VOCAB,,,,,,
Lakeland Terrier,NOT IN VOCAB,,,,,,
LaMancha Goat,NOT IN VOCAB,,,,,,
Lamprey,NOT IN VOCAB,,,,,,
Lancashire Heeler,NOT IN VOCAB,,,,,,
Lancetfish,NOT IN VOCAB,,,,,,
Landseer Newfoundland,NOT IN VOCAB,,,,,,
Lappet-faced Vulture,NOT IN VOCAB,,,,,,
Lapponian Herder,NOT IN VOCAB,,,,,,
Larder Beetle,NOT IN VOCAB,,,,,,
Large Munsterlander,NOT IN VOCAB,,,,,,
Largemouth Bass,NOT IN VOCAB,,,,,,
Laughing Kookaburra,NOT IN VOCAB,,,,,,
Lavender Albino Ball Python,NOT IN VOCAB,,,,,,
Lawnmower Blenny,NOT IN VOCAB,,,,,,
Lazarus Lizard,NOT IN VOCAB,,,,,,
Leaf-Tailed Gecko,NOT IN VOCAB,,,,,,
Leafcutter Ant,NOT IN VOCAB,,,,,,
Leafcutter Bee,NOT IN VOCAB,,,,,,
Least Flycatcher,NOT IN VOCAB,,,,,,
Leatherback Sea Turtle,NOT IN VOCAB,,,,,,
Leech,NOT IN VOCAB,,,,,,
Leedsichthys,NOT IN VOCAB,,,,,,
Leghorn Chicken,NOT IN VOCAB,,,,,,
Leichhardts Grasshopper,NOT IN VOCAB,,,,,,
Lemming,NOT IN VOCAB,,,,,,
Lemon Blast Ball Python,NOT IN VOCAB,,,,,,
Lemon Cuckoo Bumblebee,NOT IN VOCAB,,,,,,
Lemon Shark,NOT IN VOCAB,,,,,,
Lemur,NOT IN VOCAB,,,,,,
Leonberger,NOT IN VOCAB,,,,,,
Leopard,NOT IN VOCAB,,,,,,
Leopard Cat,NOT IN VOCAB,,,,,,
Leopard Frog,NOT IN VOCAB,,,,,,
Leopard Gecko,NOT IN VOCAB,,,,,,
Leopard Lizard,NOT IN VOCAB,,,,,,
Leopard Seal,NOT IN VOCAB,,,,,,
Leopard Shark,NOT IN VOCAB,,,,,,
Leopard Tortoise,NOT IN VOCAB,,,,,,
Leptocephalus,NOT IN VOCAB,,,,,,
Lesser Jacana,NOT IN VOCAB,,,,,,
Lesser Scaup,NOT IN VOCAB,,,,,,
Lhasa Apso,NOT IN VOCAB,,,,,,
Lhasapoo,NOT IN VOCAB,,,,,,
Liger,NOT IN VOCAB,,,,,,
Limpet,NOT IN VOCAB,,,,,,
Lineback Cattle,NOT IN VOCAB,,,,,,
Linnet,NOT IN VOCAB,,,,,,
Lion,NOT IN VOCAB,,,,,,
Lions Mane Jellyfish,NOT IN VOCAB,,,,,,
Lionfish,NOT IN VOCAB,,,,,,
Liopleurodon,NOT IN VOCAB,,,,,,
Liopleurodon,NOT IN VOCAB,,,,,,
Lipstick Albino Boa,NOT IN VOCAB,,,,,,
Little Brown Bat,NOT IN VOCAB,,,,,,
Little Penguin,NOT IN VOCAB,,,,,,
Livyatan,NOT IN VOCAB,,,,,,
Lizard,NOT IN VOCAB,,,,,,
Lizardfish,NOT IN VOCAB,,,,,,
Llama,NOT IN VOCAB,,,,,,
Loach,NOT IN VOCAB,,,,,,
Lobster,NOT IN VOCAB,,,,,,
Locust,NOT IN VOCAB,,,,,,
Loggerhead Shrike,NOT IN VOCAB,,,,,,
Lone Star Tick,NOT IN VOCAB,,,,,,
Long-Eared Owl,NOT IN VOCAB,,,,,,
Long-Haired Rottweiler,NOT IN VOCAB,,,,,,
Long-Tailed Tit,NOT IN VOCAB,,,,,,
Long-Winged Kite Spider,NOT IN VOCAB,,,,,,
Longfin Mako Shark,NOT IN VOCAB,,,,,,
Longnose Gar,NOT IN VOCAB,,,,,,
Lorikeet,NOT IN VOCAB,,,,,,
Loris,NOT IN VOCAB,,,,,,
Lowchen,NOT IN VOCAB,,,,,,
Lumpfish,NOT IN VOCAB,,,,,,
Luna Moth,NOT IN VOCAB,,,,,,
Luna Moth Caterpillar,NOT IN VOCAB,,,,,,
Lungfish,NOT IN VOCAB,,,,,,
Lurcher,NOT IN VOCAB,,,,,,
Lykoi Cat,NOT IN VOCAB,,,,,,
Lynx,NOT IN VOCAB,,,,,,
Lyrebird,NOT IN VOCAB,,,,,,
Lystrosaurus,NOT IN VOCAB,,,,,,
Macaque,NOT IN VOCAB,,,,,,
Macaroni Penguin,NOT IN VOCAB,,,,,,
Macaw,NOT IN VOCAB,,,,,,
MacGillivrays Warbler,NOT IN VOCAB,,,,,,
Machaeroides,NOT IN VOCAB,,,,,,
Mackenzie Valley Wolf,NOT IN VOCAB,,,,,,
Macrauchenia,NOT IN VOCAB,,,,,,
Madagascar Hissing Cockroach,NOT IN VOCAB,,,,,,
Madagascar Jacana,NOT IN VOCAB,,,,,,
Madagascar Tree Boa,NOT IN VOCAB,,,,,,
Madora Moth,NOT IN VOCAB,,,,,,
Magellanic Penguin,NOT IN VOCAB,,,,,,
Maggot,NOT IN VOCAB,,,,,,
Magnolia Warbler,NOT IN VOCAB,,,,,,
Magpie,NOT IN VOCAB,,,,,,
Magyarosaurus,NOT IN VOCAB,,,,,,
Mahi Mahi (Dolphin Fish),NOT IN VOCAB,,,,,,
Maiasaura,NOT IN VOCAB,,,,,,
Maine Coon,NOT IN VOCAB,,,,,,
Mal Shi,NOT IN VOCAB,,,,,,
Malayan Civet,NOT IN VOCAB,,,,,,
Malayan Krait,NOT IN VOCAB,,,,,,
Malayan Tiger,NOT IN VOCAB,,,,,,
Malchi,NOT IN VOCAB,,,,,,
Mallard,NOT IN VOCAB,,,,,,
Malteagle,NOT IN VOCAB,,,,,,
Maltese,NOT IN VOCAB,,,,,,
Maltese Mix,NOT IN VOCAB,,,,,,
Maltese Shih Tzu,NOT IN VOCAB,,,,,,
Maltipom,NOT IN VOCAB,,,,,,
Maltipoo,NOT IN VOCAB,,,,,,
Mamba,NOT IN VOCAB,,,,,,
Mamushi Snake,NOT IN VOCAB,,,,,,
Man of War Jellyfish,NOT IN VOCAB,,,,,,
Manatee,NOT IN VOCAB,,,,,,
Manchester Terrier,NOT IN VOCAB,,,,,,
Mandarin Rat Snake,NOT IN VOCAB,,,,,,
Mandrill,NOT IN VOCAB,,,,,,
Maned Wolf,NOT IN VOCAB,,,,,,
Mangrove Snake,NOT IN VOCAB,,,,,,
Mangrove Snapper,NOT IN VOCAB,,,,,,
Manta Ray,NOT IN VOCAB,,,,,,
Mantella Frog,NOT IN VOCAB,,,,,,
Marabou Stork,NOT IN VOCAB,,,,,,
Marans Chicken,NOT IN VOCAB,,,,,,
Marble Fox,NOT IN VOCAB,,,,,,
Maremma Sheepdog,NOT IN VOCAB,,,,,,
Margay,NOT IN VOCAB,,,,,,
Marine Iguana,NOT IN VOCAB,,,,,,
Marine Toad,NOT IN VOCAB,,,,,,
Markhor,NOT IN VOCAB,,,,,,
Marmoset,NOT IN VOCAB,,,,,,
Marmot,NOT IN VOCAB,,,,,,
Marsh Frog,NOT IN VOCAB,,,,,,
Marsican Brown Bear,NOT IN VOCAB,,,,,,
Masiakasaurus,NOT IN VOCAB,,,,,,
Masked Angelfish,NOT IN VOCAB,,,,,,
Masked Palm Civet,NOT IN VOCAB,,,,,,
Mason Bee,NOT IN VOCAB,,,,,,
Massasauga,NOT IN VOCAB,,,,,,
Mastador,NOT IN VOCAB,,,,,,
Mastiff,NOT IN VOCAB,,,,,,
Mastiff Mix,NOT IN VOCAB,,,,,,
Mauzer,NOT IN VOCAB,,,,,,
May Beetle,NOT IN VOCAB,,,,,,
Mayan Cichlid,NOT IN VOCAB,,,,,,
Mayfly,NOT IN VOCAB,,,,,,
Meagle,NOT IN VOCAB,,,,,,
Mealworm Beetle,NOT IN VOCAB,,,,,,
Mealybug,NOT IN VOCAB,,,,,,
Meerkat,NOT IN VOCAB,,,,,,
Megalania,NOT IN VOCAB,,,,,,
Megalochelys,NOT IN VOCAB,,,,,,
Megalodon,NOT IN VOCAB,,,,,,
Megamouth Shark,NOT IN VOCAB,,,,,,
Meganeura,NOT IN VOCAB,,,,,,
Megatherium,NOT IN VOCAB,,,,,,
Meiolania,NOT IN VOCAB,,,,,,
Mekong Giant Catfish,NOT IN VOCAB,,,,,,
Merganser,NOT IN VOCAB,,,,,,
Mexican Alligator Lizard,NOT IN VOCAB,,,,,,
Mexican Black Kingsnake,NOT IN VOCAB,,,,,,
Mexican Eagle (Northern crested caracara),NOT IN VOCAB,,,,,,
Mexican Fireleg Tarantula,NOT IN VOCAB,,,,,,
Mexican Free-Tailed Bat,NOT IN VOCAB,,,,,,
Mexican Mole Lizard,NOT IN VOCAB,,,,,,
Microraptor,NOT IN VOCAB,,,,,,
Midget Faded Rattlesnake,NOT IN VOCAB,,,,,,
Miki,NOT IN VOCAB,,,,,,
Milk Snake,NOT IN VOCAB,,,,,,
Milkfish,NOT IN VOCAB,,,,,,
Milkweed aphids,NOT IN VOCAB,,,,,,
Millipede,NOT IN VOCAB,,,,,,
Mini Labradoodle,NOT IN VOCAB,,,,,,
Mini Lop,NOT IN VOCAB,,,,,,
Miniature Bull Terrier,NOT IN VOCAB,,,,,,
Miniature Husky,NOT IN VOCAB,,,,,,
Miniature Pinscher,NOT IN VOCAB,,,,,,
Mink,NOT IN VOCAB,,,,,,
Minke Whale,NOT IN VOCAB,,,,,,
Mississippi Kite,NOT IN VOCAB,,,,,,
Moccasin Snake,NOT IN VOCAB,,,,,,
Mockingbird,NOT IN VOCAB,,,,,,
Modern Game Chicken,NOT IN VOCAB,,,,,,
Mojarra,NOT IN VOCAB,,,,,,
Mojave Ball Python,NOT IN VOCAB,,,,,,
Mojave Rattlesnake,NOT IN VOCAB,,,,,,
Mola mola (Ocean Sunfish),NOT IN VOCAB,,,,,,
Mole,NOT IN VOCAB,,,,,,
Mole Crab (Sand Flea),NOT IN VOCAB,,,,,,
Mole Cricket,NOT IN VOCAB,,,,,,
Mole Snake,NOT IN VOCAB,,,,,,
Mollusk,NOT IN VOCAB,,,,,,
Molly,NOT IN VOCAB,,,,,,
Monarch Butterfly,NOT IN VOCAB,,,,,,
Mongoose,NOT IN VOCAB,,,,,,
Mongrel,NOT IN VOCAB,,,,,,
Monitor Lizard,NOT IN VOCAB,,,,,,
Monkey,NOT IN VOCAB,,,,,,
Monkfish,NOT IN VOCAB,,,,,,
Monocled Cobra,NOT IN VOCAB,,,,,,
Monte Iberia Eleuth,NOT IN VOCAB,,,,,,
Moon Jellyfish,NOT IN VOCAB,,,,,,
Moonglow Boa,NOT IN VOCAB,,,,,,
Moorhen,NOT IN VOCAB,,,,,,
Moose,NOT IN VOCAB,,,,,,
Moray Eel,NOT IN VOCAB,,,,,,
Morkie,NOT IN VOCAB,,,,,,
Morpho Butterfly,NOT IN VOCAB,,,,,,
Mosasaurus,NOT IN VOCAB,,,,,,
Moscow Watchdog,NOT IN VOCAB,,,,,,
Mosquito,NOT IN VOCAB,,,,,,
Moth,NOT IN VOCAB,,,,,,
Mountain Beaver,NOT IN VOCAB,,,,,,
Mountain Bluebird,NOT IN VOCAB,,,,,,
Mountain Cur,NOT IN VOCAB,,,,,,
Mountain Feist,NOT IN VOCAB,,,,,,
Mountain Gorilla,NOT IN VOCAB,,,,,,
Mountain Lion,NOT IN VOCAB,,,,,,
Mourning Dove,NOT IN VOCAB,,,,,,
Mourning Gecko,NOT IN VOCAB,,,,,,
Mourning Warbler,NOT IN VOCAB,,,,,,
Mouse,NOT IN VOCAB,,,,,,
Mouse Spider,NOT IN VOCAB,,,,,,
Mouse-Deer (Chevrotain),NOT IN VOCAB,,,,,,
Mozambique Spitting Cobra,NOT IN VOCAB,,,,,,
Mud Snake,NOT IN VOCAB,,,,,,
Mudi,NOT IN VOCAB,,,,,,
Mudpuppy,NOT IN VOCAB,,,,,,
Mudskipper,NOT IN VOCAB,,,,,,
Mule,NOT IN VOCAB,,,,,,
Mule Deer,NOT IN VOCAB,,,,,,
Mulga Snake,NOT IN VOCAB,,,,,,
Mullet Fish,NOT IN VOCAB,,,,,,
Muntjac,NOT IN VOCAB,,,,,,
Muscovy Duck,NOT IN VOCAB,,,,,,
Musk Deer,NOT IN VOCAB,,,,,,
Muskellunge (Muskie),NOT IN VOCAB,,,,,,
Muskox,NOT IN VOCAB,,,,,,
Muskrat,NOT IN VOCAB,,,,,,
Mussurana Snake,NOT IN VOCAB,,,,,,
Muttaburrasaurus,NOT IN VOCAB,,,,,,
Muttaburrasaurus,NOT IN VOCAB,,,,,,
Myna Bird,NOT IN VOCAB,,,,,,
Nabarlek,NOT IN VOCAB,,,,,,
Naegleria,NOT IN VOCAB,,,,,,
Naked Mole Rat,NOT IN VOCAB,,,,,,
Narwhal,NOT IN VOCAB,,,,,,
Natterjack,NOT IN VOCAB,,,,,,
Nautilus,NOT IN VOCAB,,,,,,
Neanderthal,NOT IN VOCAB,,,,,,
Neapolitan Mastiff,NOT IN VOCAB,,,,,,
Nebelung,NOT IN VOCAB,,,,,,
Needlefish,NOT IN VOCAB,,,,,,
Nelore Cattle,NOT IN VOCAB,,,,,,
Neon Tetra,NOT IN VOCAB,,,,,,
Neptune Grouper,NOT IN VOCAB,,,,,,
Netherland Dwarf Rabbit,NOT IN VOCAB,,,,,,
New Hampshire Red Chicken,NOT IN VOCAB,,,,,,
Newfoundland,NOT IN VOCAB,,,,,,
Newfypoo,NOT IN VOCAB,,,,,,
Newt,NOT IN VOCAB,,,,,,
Nguni Cattle,NOT IN VOCAB,,,,,,
Nicobar pigeon,NOT IN VOCAB,,,,,,
Nigerian Goat,NOT IN VOCAB,,,,,,
Night Adder,NOT IN VOCAB,,,,,,
Night Heron,NOT IN VOCAB,,,,,,
Night Snake,NOT IN VOCAB,,,,,,
Nightingale,NOT IN VOCAB,,,,,,
Nightjar,NOT IN VOCAB,,,,,,
Nile Crocodile,NOT IN VOCAB,,,,,,
Nile Monitor,NOT IN VOCAB,,,,,,
Nile Perch,NOT IN VOCAB,,,,,,
Nilgai,NOT IN VOCAB,,,,,,
No See Ums,NOT IN VOCAB,,,,,,
Norfolk Terrier,NOT IN VOCAB,,,,,,
Norrbottenspets,NOT IN VOCAB,,,,,,
North American Black Bear,NOT IN VOCAB,,,,,,
Northern Alligator Lizard,NOT IN VOCAB,,,,,,
Northern Bobwhite,NOT IN VOCAB,,,,,,
Northern Cardinal,NOT IN VOCAB,,,,,,
Northern Flicker,NOT IN VOCAB,,,,,,
Northern Fur Seal,NOT IN VOCAB,,,,,,
Northern Harrier,NOT IN VOCAB,,,,,,
Northern Inuit Dog,NOT IN VOCAB,,,,,,
Northern Jacana,NOT IN VOCAB,,,,,,
Northern Parula,NOT IN VOCAB,,,,,,
Northern Pintail,NOT IN VOCAB,,,,,,
Northern Potoo,NOT IN VOCAB,,,,,,
Northern Screamer,NOT IN VOCAB,,,,,,
Northern Water Snake,NOT IN VOCAB,,,,,,
Norway Rat,NOT IN VOCAB,,,,,,
Norwegian Buhund,NOT IN VOCAB,,,,,,
Norwegian Elkhound,NOT IN VOCAB,,,,,,
Norwegian Forest,NOT IN VOCAB,,,,,,
Norwegian Lundehund,NOT IN VOCAB,,,,,,
Norwich Terrier,NOT IN VOCAB,,,,,,
Nose-Horned Viper,NOT IN VOCAB,,,,,,
Nova Scotia Duck Tolling Retriever,NOT IN VOCAB,,,,,,
Nubian Goat,NOT IN VOCAB,,,,,,
Nudibranch,NOT IN VOCAB,,,,,,
Numbat,NOT IN VOCAB,,,,,,
Nuralagus,NOT IN VOCAB,,,,,,
Nurse Shark,NOT IN VOCAB,,,,,,
Nut Weevil,NOT IN VOCAB,,,,,,
Nuthatch,NOT IN VOCAB,,,,,,
Nutria,NOT IN VOCAB,,,,,,
Nyala,NOT IN VOCAB,,,,,,
Oak Toad,NOT IN VOCAB,,,,,,
Oarfish,NOT IN VOCAB,,,,,,
Ocean Perch,NOT IN VOCAB,,,,,,
Ocean Pout,NOT IN VOCAB,,,,,,
Ocean Whitefish,NOT IN VOCAB,,,,,,
Oceanic Whitetip Shark,NOT IN VOCAB,,,,,,
Ocellated Turkey,NOT IN VOCAB,,,,,,
Ocelot,NOT IN VOCAB,,,,,,
Octopus,NOT IN VOCAB,,,,,,
Oenpelli python,NOT IN VOCAB,,,,,,
Oilfish,NOT IN VOCAB,,,,,,
Okapi,NOT IN VOCAB,,,,,,
Old English Sheepdog,NOT IN VOCAB,,,,,,
Old House Borer,NOT IN VOCAB,,,,,,
Oleander Hawk Moth,NOT IN VOCAB,,,,,,
Olingo,NOT IN VOCAB,,,,,,
Olive Baboon,NOT IN VOCAB,,,,,,
Olive python,NOT IN VOCAB,,,,,,
Olive Sea Snake,NOT IN VOCAB,,,,,,
Olm,NOT IN VOCAB,,,,,,
Olympic Marmot,NOT IN VOCAB,,,,,,
Onagadori Chicken,NOT IN VOCAB,,,,,,
Onager,NOT IN VOCAB,,,,,,
Opabinia,NOT IN VOCAB,,,,,,
Opah,NOT IN VOCAB,,,,,,
Opaleye (Rudderfish),NOT IN VOCAB,,,,,,
Opossum,NOT IN VOCAB,,,,,,
Oranda Goldfish,NOT IN VOCAB,,,,,,
Orange Baboon Tarantula,NOT IN VOCAB,,,,,,
Orange Dream Ball Python,NOT IN VOCAB,,,,,,
Orange Roughy ,NOT IN VOCAB,,,,,,
Orange Spider,NOT IN VOCAB,,,,,,
Orange Tanager (Orange-Headed Tanager),NOT IN VOCAB,,,,,,
Orange-Crowned Warbler,NOT IN VOCAB,,,,,,
Orangutan,NOT IN VOCAB,,,,,,
Orb Weaver,NOT IN VOCAB,,,,,,
Orchard Oriole,NOT IN VOCAB,,,,,,
Orchid Dottyback,NOT IN VOCAB,,,,,,
Oregon Spotted Frog,NOT IN VOCAB,,,,,,
Ori-Pei,NOT IN VOCAB,,,,,,
Oribi,NOT IN VOCAB,,,,,,
Oriental Cockroach,NOT IN VOCAB,,,,,,
Oriental Dwarf Kingfisher,NOT IN VOCAB,,,,,,
Orinoco Crocodile,NOT IN VOCAB,,,,,,
Ornate Bichir,NOT IN VOCAB,,,,,,
Ornate Black-Tailed Rattlesnake,NOT IN VOCAB,,,,,,
Ornate Box Turtle,NOT IN VOCAB,,,,,,
Ornithocheirus,NOT IN VOCAB,,,,,,
Ornithomimus,NOT IN VOCAB,,,,,,
Ortolan Bunting,NOT IN VOCAB,,,,,,
Oscar Fish,NOT IN VOCAB,,,,,,
Osprey,NOT IN VOCAB,,,,,,
Ostracod,NOT IN VOCAB,,,,,,
Ostrich,NOT IN VOCAB,,,,,,
Otter,NOT IN VOCAB,,,,,,
Otterhound,NOT IN VOCAB,,,,,,
Ovenbird,NOT IN VOCAB,,,,,,
Oviraptor,NOT IN VOCAB,,,,,,
Owl,NOT IN VOCAB,,,,,,
Owl Butterfly,NOT IN VOCAB,,,,,,
Owlfly (Ascalaphidae),NOT IN VOCAB,,,,,,
Ox,NOT IN VOCAB,,,,,,
Oxpecker,NOT IN VOCAB,,,,,,
Oyster,NOT IN VOCAB,,,,,,
Oyster Toadfish,NOT IN VOCAB,,,,,,
Ozark Bass,NOT IN VOCAB,,,,,,
Pachycephalosaurus,NOT IN VOCAB,,,,,,
Pacific Coast Tick,NOT IN VOCAB,,,,,,
Pacific Sleeper Shark,NOT IN VOCAB,,,,,,
Pacific Spaghetti Eel,NOT IN VOCAB,,,,,,
Paddlefish,NOT IN VOCAB,,,,,,
Pademelon,NOT IN VOCAB,,,,,,
Painted Bunting,NOT IN VOCAB,,,,,,
Painted Turtle,NOT IN VOCAB,,,,,,
Palaeoloxodon namadicus,NOT IN VOCAB,,,,,,
Palaeophis,NOT IN VOCAB,,,,,,
Paleoparadoxia,NOT IN VOCAB,,,,,,
Palm Rat,NOT IN VOCAB,,,,,,
Palo Verde Beetle,NOT IN VOCAB,,,,,,
Panda Pied Ball Python,NOT IN VOCAB,,,,,,
Pangolin,NOT IN VOCAB,,,,,,
Pantaloon Bee,NOT IN VOCAB,,,,,,
Panther,NOT IN VOCAB,,,,,,
Panthera atrox (American Lion),NOT IN VOCAB,,,,,,
Papillon,NOT IN VOCAB,,,,,,
Papillon Mix,NOT IN VOCAB,,,,,,
Paradise Flying Snake,NOT IN VOCAB,,,,,,
Parakeet,NOT IN VOCAB,,,,,,
Parasaurolophus,NOT IN VOCAB,,,,,,
Parrot,NOT IN VOCAB,,,,,,
Parrot Snake,NOT IN VOCAB,,,,,,
Parrotfish,NOT IN VOCAB,,,,,,
Parrotlet,NOT IN VOCAB,,,,,,
Parson Russell Terrier,NOT IN VOCAB,,,,,,
Parti Schnauzer,NOT IN VOCAB,,,,,,
Partridge,NOT IN VOCAB,,,,,,
Patagonian Mara,NOT IN VOCAB,,,,,,
Patagotitan,NOT IN VOCAB,,,,,,
Patas Monkey,NOT IN VOCAB,,,,,,
Patterdale Terrier,NOT IN VOCAB,,,,,,
Pea Puffer,NOT IN VOCAB,,,,,,
Peacock,NOT IN VOCAB,,,,,,
Peacock Bass,NOT IN VOCAB,,,,,,
Peacock Butterfly,NOT IN VOCAB,,,,,,
Peacock Spider,NOT IN VOCAB,,,,,,
Peagle,NOT IN VOCAB,,,,,,
Peekapoo,NOT IN VOCAB,,,,,,
Pekingese,NOT IN VOCAB,,,,,,
Pelagornis,NOT IN VOCAB,,,,,,
Pelagornithidae,NOT IN VOCAB,,,,,,
Pelican,NOT IN VOCAB,,,,,,
Pelycosaurs,NOT IN VOCAB,,,,,,
Pembroke Welsh Corgi,NOT IN VOCAB,,,,,,
Penguin,NOT IN VOCAB,,,,,,
Pennsylvania Wood Cockroach,NOT IN VOCAB,,,,,,
Peppered Moth,NOT IN VOCAB,,,,,,
Peppermint Angelfish,NOT IN VOCAB,,,,,,
Perch Fish,NOT IN VOCAB,,,,,,
Père Davids Deer,NOT IN VOCAB,,,,,,
Peregrine Falcon,NOT IN VOCAB,,,,,,
Peringueys Adder,NOT IN VOCAB,,,,,,
Perro De Presa Canario,NOT IN VOCAB,,,,,,
Persian,NOT IN VOCAB,,,,,,
Peruvian Guinea Pig,NOT IN VOCAB,,,,,,
Peruvian Inca Orchid,NOT IN VOCAB,,,,,,
Pesquets Parrot (Dracula Parrot),NOT IN VOCAB,,,,,,
Petit Basset Griffon Vendéen,NOT IN VOCAB,,,,,,
Petite Goldendoodle,NOT IN VOCAB,,,,,,
Pharaoh Hound,NOT IN VOCAB,,,,,,
Pheasant,NOT IN VOCAB,,,,,,
Pheasant-tailed Jacana,NOT IN VOCAB,,,,,,
Philippine Cobra,NOT IN VOCAB,,,,,,
Phoenix Chicken,NOT IN VOCAB,,,,,,
Phorusrhacos,NOT IN VOCAB,,,,,,
Phytosaurs,NOT IN VOCAB,,,,,,
Picardy Spaniel,NOT IN VOCAB,,,,,,
Pictus Catfish,NOT IN VOCAB,,,,,,
Piebald Dachshund,NOT IN VOCAB,,,,,,
Pied Ball Python,NOT IN VOCAB,,,,,,
Pied Tamarin,NOT IN VOCAB,,,,,,
Pied-Billed Grebe,NOT IN VOCAB,,,,,,
Pig,NOT IN VOCAB,,,,,,
Pig-Nosed Turtle,NOT IN VOCAB,,,,,,
Pigeon,NOT IN VOCAB,,,,,,
Pika,NOT IN VOCAB,,,,,,
Pike Fish,NOT IN VOCAB,,,,,,
Pileated Woodpecker,NOT IN VOCAB,,,,,,
Pinacate Beetle,NOT IN VOCAB,,,,,,
Pine Beetle,NOT IN VOCAB,,,,,,
Pine Marten,NOT IN VOCAB,,,,,,
Pine Siskin,NOT IN VOCAB,,,,,,
Pine Snake,NOT IN VOCAB,,,,,,
Pine Snake,NOT IN VOCAB,,,,,,
Pinfish,NOT IN VOCAB,,,,,,
Pink Bollworm,NOT IN VOCAB,,,,,,
Pink Fairy Armadillo,NOT IN VOCAB,,,,,,
Pink Salmon,NOT IN VOCAB,,,,,,
Pink Toed Tarantula,NOT IN VOCAB,,,,,,
Pink-Necked Green Pigeon,NOT IN VOCAB,,,,,,
Pipe Snake,NOT IN VOCAB,,,,,,
Pipefish,NOT IN VOCAB,,,,,,
Piranha,NOT IN VOCAB,,,,,,
Pit Bull,NOT IN VOCAB,,,,,,
Pit Viper,NOT IN VOCAB,,,,,,
Pitador,NOT IN VOCAB,,,,,,
Pitsky,NOT IN VOCAB,,,,,,
Plains Hognose Snake,NOT IN VOCAB,,,,,,
Platinum Arowana,NOT IN VOCAB,,,,,,
Platybelodon,NOT IN VOCAB,,,,,,
Platypus,NOT IN VOCAB,,,,,,
Plesiosaur,NOT IN VOCAB,,,,,,
Pliosaur,NOT IN VOCAB,,,,,,
Plott Hound Mix,NOT IN VOCAB,,,,,,
Plott Hounds,NOT IN VOCAB,,,,,,
Plymouth Rock Chicken,NOT IN VOCAB,,,,,,
Pocket Beagle,NOT IN VOCAB,,,,,,
Pocket Pitbull,NOT IN VOCAB,,,,,,
Podenco Canario,NOT IN VOCAB,,,,,,
Pointer,NOT IN VOCAB,,,,,,
Pointer Mix,NOT IN VOCAB,,,,,,
Poison Dart Frog,NOT IN VOCAB,,,,,,
Polacanthus,NOT IN VOCAB,,,,,,
Polar Bear,NOT IN VOCAB,,,,,,
Polecat,NOT IN VOCAB,,,,,,
Polish Chicken,NOT IN VOCAB,,,,,,
Polish Lowland Sheepdog,NOT IN VOCAB,,,,,,
Polish Tatra Sheepdog,NOT IN VOCAB,,,,,,
Polka Dot Stingray,NOT IN VOCAB,,,,,,
Pollock Fish,NOT IN VOCAB,,,,,,
Polyphemus Moth,NOT IN VOCAB,,,,,,
Pomapoo,NOT IN VOCAB,,,,,,
Pomchi,NOT IN VOCAB,,,,,,
Pomeagle,NOT IN VOCAB,,,,,,
Pomeranian,NOT IN VOCAB,,,,,,
Pomeranian Mix,NOT IN VOCAB,,,,,,
Pompano Fish,NOT IN VOCAB,,,,,,
Pomsky,NOT IN VOCAB,,,,,,
Pond Skater,NOT IN VOCAB,,,,,,
Poochon,NOT IN VOCAB,,,,,,
Poodle,NOT IN VOCAB,,,,,,
Poogle,NOT IN VOCAB,,,,,,
Pool Frog,NOT IN VOCAB,,,,,,
Porbeagle Shark,NOT IN VOCAB,,,,,,
Porcupine,NOT IN VOCAB,,,,,,
Porcupinefish,NOT IN VOCAB,,,,,,
Portuguese Podengo,NOT IN VOCAB,,,,,,
Possum,NOT IN VOCAB,,,,,,
Potato Beetle,NOT IN VOCAB,,,,,,
Potoo,NOT IN VOCAB,,,,,,
Potoroo,NOT IN VOCAB,,,,,,
Powderpost Beetle,NOT IN VOCAB,,,,,,
Prairie Chicken,NOT IN VOCAB,,,,,,
Prairie Dog,NOT IN VOCAB,,,,,,
Prairie Rattlesnake,NOT IN VOCAB,,,,,,
Prawn,NOT IN VOCAB,,,,,,
Praying Mantis,NOT IN VOCAB,,,,,,
Proboscis Monkey,NOT IN VOCAB,,,,,,
Procoptodon,NOT IN VOCAB,,,,,,
Pronghorn,NOT IN VOCAB,,,,,,
Psittacosaurus,NOT IN VOCAB,,,,,,
Psittacosaurus,NOT IN VOCAB,,,,,,
Pteranodon,NOT IN VOCAB,,,,,,
Pterodactyl,NOT IN VOCAB,,,,,,
Pudelpointer,NOT IN VOCAB,,,,,,
Puertasaurus,NOT IN VOCAB,,,,,,
Puff Adder,NOT IN VOCAB,,,,,,
Pufferfish,NOT IN VOCAB,,,,,,
Puffin,NOT IN VOCAB,,,,,,
Pug,NOT IN VOCAB,,,,,,
Pug Mix,NOT IN VOCAB,,,,,,
Pugapoo,NOT IN VOCAB,,,,,,
Puggle,NOT IN VOCAB,,,,,,
Pugshire,NOT IN VOCAB,,,,,,
Puli,NOT IN VOCAB,,,,,,
Puma,NOT IN VOCAB,,,,,,
Pumi,NOT IN VOCAB,,,,,,
Pumpkin Patch Tarantula,NOT IN VOCAB,,,,,,
Purple Emperor Butterfly,NOT IN VOCAB,,,,,,
Purple Finch,NOT IN VOCAB,,,,,,
Purple Gallinule,NOT IN VOCAB,,,,,,
Purple Tarantula,NOT IN VOCAB,,,,,,
Purussaurus,NOT IN VOCAB,,,,,,
Puss Caterpillar,NOT IN VOCAB,,,,,,
Puss Moth,NOT IN VOCAB,,,,,,
Pygmy Hippopotamus,NOT IN VOCAB,,,,,,
Pygmy Marmoset (Finger Monkey),NOT IN VOCAB,,,,,,
Pygmy python,NOT IN VOCAB,,,,,,
Pygmy Rattlesnake,NOT IN VOCAB,,,,,,
Pygmy Shark,NOT IN VOCAB,,,,,,
Pygora Goat,NOT IN VOCAB,,,,,,
Pyjama Shark,NOT IN VOCAB,,,,,,
Pyrador,NOT IN VOCAB,,,,,,
Pyredoodle,NOT IN VOCAB,,,,,,
Pyrenean Mastiff,NOT IN VOCAB,,,,,,
Pyrenean Shepherd,NOT IN VOCAB,,,,,,
Pyrosome,NOT IN VOCAB,,,,,,
Python,NOT IN VOCAB,,,,,,
Quagga,NOT IN VOCAB,,,,,,
Quahog Clam,NOT IN VOCAB,,,,,,
Quail,NOT IN VOCAB,,,,,,
Queen Snake,NOT IN VOCAB,,,,,,
Quetzal,NOT IN VOCAB,,,,,,
Quetzalcoatlus northropi,NOT IN VOCAB,,,,,,
Quokka,NOT IN VOCAB,,,,,,
Quoll,NOT IN VOCAB,,,,,,
Rabbit,NOT IN VOCAB,,,,,,
Raccoon,NOT IN VOCAB,,,,,,
Raccoon Dog,NOT IN VOCAB,,,,,,
Racer Snake,NOT IN VOCAB,,,,,,
Radiated Tortoise,NOT IN VOCAB,,,,,,
Ragamuffin,NOT IN VOCAB,,,,,,
Ragdoll,NOT IN VOCAB,,,,,,
Raggle,NOT IN VOCAB,,,,,,
Rainbow Boa,NOT IN VOCAB,,,,,,
Rainbow Grasshopper (Dactylotum bicolor),NOT IN VOCAB,,,,,,
Rainbow Kribs (Kribensis),NOT IN VOCAB,,,,,,
Rainbow Shark,NOT IN VOCAB,,,,,,
Rat,NOT IN VOCAB,,,,,,
Rat Snakes,NOT IN VOCAB,,,,,,
Rat Terrier,NOT IN VOCAB,,,,,,
Rattlesnake,NOT IN VOCAB,,,,,,
Red Ackie Monitor,NOT IN VOCAB,,,,,,
Red Aphids,NOT IN VOCAB,,,,,,
Red Deer,NOT IN VOCAB,,,,,,
Red Diamondback Rattlesnake,NOT IN VOCAB,,,,,,
Red Drum Fish,NOT IN VOCAB,,,,,,
Red Finch,NOT IN VOCAB,,,,,,
Red Fox,NOT IN VOCAB,,,,,,
Red Kite,NOT IN VOCAB,,,,,,
Red Knee Tarantula,NOT IN VOCAB,,,,,,
Red Nose Pit Bull,NOT IN VOCAB,,,,,,
Red Panda,NOT IN VOCAB,,,,,,
Red Paper Wasp,NOT IN VOCAB,,,,,,
Red Racer Snake,NOT IN VOCAB,,,,,,
Red Spitting Cobra,NOT IN VOCAB,,,,,,
Red Squirrel,NOT IN VOCAB,,,,,,
Red Star Chicken,NOT IN VOCAB,,,,,,
Red Tail Boa (common boa),NOT IN VOCAB,,,,,,
Red Wolf,NOT IN VOCAB,,,,,,
Red-Bellied Black Snake,NOT IN VOCAB,,,,,,
Red-Bellied Woodpecker,NOT IN VOCAB,,,,,,
Red-Billed Quelea Bird,NOT IN VOCAB,,,,,,
Red-Eared Slider,NOT IN VOCAB,,,,,,
Red-Eyed Tree Frog,NOT IN VOCAB,,,,,,
Red-Footed Tortoise,NOT IN VOCAB,,,,,,
Red-handed Tamarin,NOT IN VOCAB,,,,,,
Red-Headed Vulture,NOT IN VOCAB,,,,,,
Red-Lipped Batfish,NOT IN VOCAB,,,,,,
Red-Shouldered Hawk,NOT IN VOCAB,,,,,,
Red-Tailed Cuckoo Bumblebee,NOT IN VOCAB,,,,,,
Red-winged blackbird,NOT IN VOCAB,,,,,,
Redback Spider,NOT IN VOCAB,,,,,,
Redbone Coonhound,NOT IN VOCAB,,,,,,
Redcap Chicken,NOT IN VOCAB,,,,,,
Redear Sunfish,NOT IN VOCAB,,,,,,
Redhump Eartheater,NOT IN VOCAB,,,,,,
Redstart,NOT IN VOCAB,,,,,,
Redtail Catfish,NOT IN VOCAB,,,,,,
Reef Shark,NOT IN VOCAB,,,,,,
Regal Jumping Spider,NOT IN VOCAB,,,,,,
Reindeer,NOT IN VOCAB,,,,,,
Repenomamus,NOT IN VOCAB,,,,,,
Reticulated python,NOT IN VOCAB,,,,,,
Rex Rabbit,NOT IN VOCAB,,,,,,
Rhamphosuchus,NOT IN VOCAB,,,,,,
Rhea,NOT IN VOCAB,,,,,,
Rhesus Macaque,NOT IN VOCAB,,,,,,
Rhino Beetle,NOT IN VOCAB,,,,,,
Rhino Viper,NOT IN VOCAB,,,,,,
Rhinoceros,NOT IN VOCAB,,,,,,
Rhode Island Red Chicken,NOT IN VOCAB,,,,,,
Rhodesian Ridgeback,NOT IN VOCAB,,,,,,
Rhombic Egg-Eater Snake,NOT IN VOCAB,,,,,,
Ribbon Eel,NOT IN VOCAB,,,,,,
Ribbon Snake,NOT IN VOCAB,,,,,,
Rim Rock Crowned Snake,NOT IN VOCAB,,,,,,
Ring-billed Gull,NOT IN VOCAB,,,,,,
Ringed Kingfisher,NOT IN VOCAB,,,,,,
Rinkhals Snake,NOT IN VOCAB,,,,,,
River Otter,NOT IN VOCAB,,,,,,
River Turtle,NOT IN VOCAB,,,,,,
Roadrunner,NOT IN VOCAB,,,,,,
Robber Flies,NOT IN VOCAB,,,,,,
Robin,NOT IN VOCAB,,,,,,
Rock Bass,NOT IN VOCAB,,,,,,
Rock Crab,NOT IN VOCAB,,,,,,
Rock Hyrax,NOT IN VOCAB,,,,,,
Rock Python,NOT IN VOCAB,,,,,,
Rockfish,NOT IN VOCAB,,,,,,
Rockhopper Penguin,NOT IN VOCAB,,,,,,
Rodents,NOT IN VOCAB,,,,,,
Roe Deer,NOT IN VOCAB,,,,,,
Rooster,NOT IN VOCAB,,,,,,
Root Aphids,NOT IN VOCAB,,,,,,
Rose-Breasted Grosbeak,NOT IN VOCAB,,,,,,
Roseate Spoonbill,NOT IN VOCAB,,,,,,
Rosy Boa,NOT IN VOCAB,,,,,,
Rotterman,NOT IN VOCAB,,,,,,
Rottle,NOT IN VOCAB,,,,,,
Rottsky,NOT IN VOCAB,,,,,,
Rottweiler,NOT IN VOCAB,,,,,,
Rottweiler Mix,NOT IN VOCAB,,,,,,
Rough Earth Snake,NOT IN VOCAB,,,,,,
Rough Green Snake,NOT IN VOCAB,,,,,,
Rough-Legged Hawk (Rough-Legged Buzzard),NOT IN VOCAB,,,,,,
Rove Beetle,NOT IN VOCAB,,,,,,
Royal Penguin,NOT IN VOCAB,,,,,,
Rubber Boa,NOT IN VOCAB,,,,,,
Ruby-Crowned Kinglet,NOT IN VOCAB,,,,,,
Ruby-Throated Hummingbird,NOT IN VOCAB,,,,,,
Ruddy Duck,NOT IN VOCAB,,,,,,
Ruddy Turnstone,NOT IN VOCAB,,,,,,
Rufous Hummingbird,NOT IN VOCAB,,,,,,
Russels Viper,NOT IN VOCAB,,,,,,
Russell Terrier,NOT IN VOCAB,,,,,,
Russian Bear Dog,NOT IN VOCAB,,,,,,
Russian Blue,NOT IN VOCAB,,,,,,
Russian Tortoise,NOT IN VOCAB,,,,,,
Saanen Goat,NOT IN VOCAB,,,,,,
Saarloos Wolfdog,NOT IN VOCAB,,,,,,
Saber-Toothed Tiger,NOT IN VOCAB,,,,,,
Sable,NOT IN VOCAB,,,,,,
Sable Black German Shepherd,NOT IN VOCAB,,,,,,
Sable Ferret,NOT IN VOCAB,,,,,,
Sable German Shepherd,NOT IN VOCAB,,,,,,
Saddleback Caterpillar,NOT IN VOCAB,,,,,,
Saiga,NOT IN VOCAB,,,,,,
Sailfish,NOT IN VOCAB,,,,,,
Saint Berdoodle,NOT IN VOCAB,,,,,,
Saint Bernard,NOT IN VOCAB,,,,,,
Saint Shepherd,NOT IN VOCAB,,,,,,
Salamander,NOT IN VOCAB,,,,,,
Salmon,NOT IN VOCAB,,,,,,
Salmon Shark,NOT IN VOCAB,,,,,,
Saluki,NOT IN VOCAB,,,,,,
Sambar,NOT IN VOCAB,,,,,,
Samoyed,NOT IN VOCAB,,,,,,
San Francisco Garter Snake,NOT IN VOCAB,,,,,,
Sand Cat,NOT IN VOCAB,,,,,,
Sand Crab,NOT IN VOCAB,,,,,,
Sand Dollar,NOT IN VOCAB,,,,,,
Sand Lizard,NOT IN VOCAB,,,,,,
Sand Tiger Shark,NOT IN VOCAB,,,,,,
Sand Viper,NOT IN VOCAB,,,,,,
Sandhill Crane,NOT IN VOCAB,,,,,,
Sandpiper,NOT IN VOCAB,,,,,,
Sandworm,NOT IN VOCAB,,,,,,
Saola,NOT IN VOCAB,,,,,,
Sapsali,NOT IN VOCAB,,,,,,
Sarcosuchus,NOT IN VOCAB,,,,,,
Sardines,NOT IN VOCAB,,,,,,
Sarkastodon,NOT IN VOCAB,,,,,,
Sarplaninac,NOT IN VOCAB,,,,,,
Sarus Crane,NOT IN VOCAB,,,,,,
Satanic Leaf-Tailed Gecko,NOT IN VOCAB,,,,,,
Saturniidae Moth,NOT IN VOCAB,,,,,,
Sauropoda,NOT IN VOCAB,,,,,,
Sauropoda,NOT IN VOCAB,,,,,,
Savanna Goat,NOT IN VOCAB,,,,,,
Savannah Monitor,NOT IN VOCAB,,,,,,
Savannah Sparrow,NOT IN VOCAB,,,,,,
Savu Python,NOT IN VOCAB,,,,,,
Saw-scaled Viper,NOT IN VOCAB,,,,,,
Sawfish,NOT IN VOCAB,,,,,,
Scale-Crested Pygmy Tyrant,NOT IN VOCAB,,,,,,
Scaleless Ball Python,NOT IN VOCAB,,,,,,
Scallops,NOT IN VOCAB,,,,,,
Scarab Beetle,NOT IN VOCAB,,,,,,
Scarlet Kingsnake,NOT IN VOCAB,,,,,,
Scarlet Macaw,NOT IN VOCAB,,,,,,
Scarlet Tanager,NOT IN VOCAB,,,,,,
Schapendoes,NOT IN VOCAB,,,,,,
Schipperke,NOT IN VOCAB,,,,,,
Schneagle,NOT IN VOCAB,,,,,,
Schnoodle,NOT IN VOCAB,,,,,,
Scimitar-horned Oryx,NOT IN VOCAB,,,,,,
Scissor-tailed Flycatcher,NOT IN VOCAB,,,,,,
Scorpion,NOT IN VOCAB,,,,,,
Scorpion Fish,NOT IN VOCAB,,,,,,
Scotch Collie,NOT IN VOCAB,,,,,,
Scottish Deerhound,NOT IN VOCAB,,,,,,
Scottish Fold Cat,NOT IN VOCAB,,,,,,
Scottish Terrier,NOT IN VOCAB,,,,,,
Scrotum Frog,NOT IN VOCAB,,,,,,
Sculpin,NOT IN VOCAB,,,,,,
Scutosaurus,NOT IN VOCAB,,,,,,
Sea Anemone,NOT IN VOCAB,,,,,,
Sea Bass,NOT IN VOCAB,,,,,,
Sea Dragon,NOT IN VOCAB,,,,,,
Sea Eagle,NOT IN VOCAB,,,,,,
Sea Lion,NOT IN VOCAB,,,,,,
Sea Otter,NOT IN VOCAB,,,,,,
Sea Roach,NOT IN VOCAB,,,,,,
Sea Slug,NOT IN VOCAB,,,,,,
Sea Snake,NOT IN VOCAB,,,,,,
Sea Spider,NOT IN VOCAB,,,,,,
Sea Squirt,NOT IN VOCAB,,,,,,
Sea Trout,NOT IN VOCAB,,,,,,
Sea Turtle,NOT IN VOCAB,,,,,,
Sea Urchin,NOT IN VOCAB,,,,,,
Seagull,NOT IN VOCAB,,,,,,
Seahorse,NOT IN VOCAB,,,,,,
Seal,NOT IN VOCAB,,,,,,
Sealyham Terrier,NOT IN VOCAB,,,,,,
Sedge Warbler,NOT IN VOCAB,,,,,,
Sehuencas Water Frog,NOT IN VOCAB,,,,,,
Sei Whale,NOT IN VOCAB,,,,,,
Senegal Parrot,NOT IN VOCAB,,,,,,
Senepol Cattle,NOT IN VOCAB,,,,,,
Sequined Spider,NOT IN VOCAB,,,,,,
Serval,NOT IN VOCAB,,,,,,
Seymouria,NOT IN VOCAB,,,,,,
Shantungosaurus,NOT IN VOCAB,,,,,,
Shark,NOT IN VOCAB,,,,,,
Sharp-Shinned Hawk,NOT IN VOCAB,,,,,,
Sharp-Tailed Snake,NOT IN VOCAB,,,,,,
Shastasaurus,NOT IN VOCAB,,,,,,
Sheep,NOT IN VOCAB,,,,,,
Sheepadoodle,NOT IN VOCAB,,,,,,
Sheepshead Fish,NOT IN VOCAB,,,,,,
Shepadoodle,NOT IN VOCAB,,,,,,
Shepkita,NOT IN VOCAB,,,,,,
Shepweiler,NOT IN VOCAB,,,,,,
Shetland Sheepdog,NOT IN VOCAB,,,,,,
Shiba Inu,NOT IN VOCAB,,,,,,
Shiba Inu Mix,NOT IN VOCAB,,,,,,
Shichi,NOT IN VOCAB,,,,,,
Shih Poo,NOT IN VOCAB,,,,,,
Shih Tzu,NOT IN VOCAB,,,,,,
Shih Tzu Mix,NOT IN VOCAB,,,,,,
Shikoku,NOT IN VOCAB,,,,,,
Shiloh Shepherd,NOT IN VOCAB,,,,,,
Shiranian,NOT IN VOCAB,,,,,,
Shoebill Stork,NOT IN VOCAB,,,,,,
Shollie,NOT IN VOCAB,,,,,,
Short-Eared Owl,NOT IN VOCAB,,,,,,
Short-Faced Bear,NOT IN VOCAB,,,,,,
Shortfin Mako Shark,NOT IN VOCAB,,,,,,
Shrew,NOT IN VOCAB,,,,,,
Shrimp,NOT IN VOCAB,,,,,,
Siamese,NOT IN VOCAB,,,,,,
Siberian,NOT IN VOCAB,,,,,,
Siberian Husky,NOT IN VOCAB,,,,,,
Siberian Ibex,NOT IN VOCAB,,,,,,
Siberian Retriever,NOT IN VOCAB,,,,,,
Siberian Tiger,NOT IN VOCAB,,,,,,
Siberpoo,NOT IN VOCAB,,,,,,
Sichuan Takin (Tibetan Takin),NOT IN VOCAB,,,,,,
Sidewinder,NOT IN VOCAB,,,,,,
Sika Deer,NOT IN VOCAB,,,,,,
Silken Windhound,NOT IN VOCAB,,,,,,
Silkie Chicken,NOT IN VOCAB,,,,,,
Silky Shark,NOT IN VOCAB,,,,,,
Silky Terrier,NOT IN VOCAB,,,,,,
Silver Dollar,NOT IN VOCAB,,,,,,
Silver Labrador,NOT IN VOCAB,,,,,,
Simbakubwa,NOT IN VOCAB,,,,,,
Sinosauropteryx,NOT IN VOCAB,,,,,,
Sivatherium,NOT IN VOCAB,,,,,,
Six-Eyed Sand Spiders,NOT IN VOCAB,,,,,,
Sixgill shark,NOT IN VOCAB,,,,,,
Skate Fish,NOT IN VOCAB,,,,,,
Skeleton Tarantula,NOT IN VOCAB,,,,,,
Skink Lizard,NOT IN VOCAB,,,,,,
Skipjack Tuna,NOT IN VOCAB,,,,,,
Skua,NOT IN VOCAB,,,,,,
Skunk,NOT IN VOCAB,,,,,,
Skye Terrier,NOT IN VOCAB,,,,,,
Sleeper Shark,NOT IN VOCAB,,,,,,
Sloth,NOT IN VOCAB,,,,,,
Slovak Cuvac,NOT IN VOCAB,,,,,,
Slow Worm,NOT IN VOCAB,,,,,,
Slug,NOT IN VOCAB,,,,,,
Smallmouth Bass,NOT IN VOCAB,,,,,,
Smilosuchus,NOT IN VOCAB,,,,,,
Smokybrown Cockroach,NOT IN VOCAB,,,,,,
Smooth Earth Snake,NOT IN VOCAB,,,,,,
Smooth Fox Terrier,NOT IN VOCAB,,,,,,
Smooth Green Snake,NOT IN VOCAB,,,,,,
Smooth Hammerhead Shark,NOT IN VOCAB,,,,,,
Smooth Snake,NOT IN VOCAB,,,,,,
Snail,NOT IN VOCAB,,,,,,
Snailfish,NOT IN VOCAB,,,,,,
Snake,NOT IN VOCAB,,,,,,
Snapping Turtle,NOT IN VOCAB,,,,,,
Snook Fish,NOT IN VOCAB,,,,,,
Snorkie,NOT IN VOCAB,,,,,,
Snouted Cobra,NOT IN VOCAB,,,,,,
Snow Bunting,NOT IN VOCAB,,,,,,
Snow Crab,NOT IN VOCAB,,,,,,
Snow Goose,NOT IN VOCAB,,,,,,
Snow Leopard,NOT IN VOCAB,,,,,,
Snowberry Clearwing Moth,NOT IN VOCAB,,,,,,
Snowflake Eel,NOT IN VOCAB,,,,,,
Snowshoe,NOT IN VOCAB,,,,,,
Snowshoe Hare,NOT IN VOCAB,,,,,,
Snowy Owl,NOT IN VOCAB,,,,,,
Sockeye Salmon,NOT IN VOCAB,,,,,,
Soldier Beetle,NOT IN VOCAB,,,,,,
Somali,NOT IN VOCAB,,,,,,
Song Sparrow,NOT IN VOCAB,,,,,,
Song Thrush,NOT IN VOCAB,,,,,,
South China Tiger,NOT IN VOCAB,,,,,,
Southeastern Blueberry Bee,NOT IN VOCAB,,,,,,
Southern Black Racer,NOT IN VOCAB,,,,,,
Southern Flannel Moth,NOT IN VOCAB,,,,,,
Southern Hognose Snake,NOT IN VOCAB,,,,,,
Southern House Spider,NOT IN VOCAB,,,,,,
Southern Pacific Rattlesnake,NOT IN VOCAB,,,,,,
Spadefoot Toad,NOT IN VOCAB,,,,,,
Spanador,NOT IN VOCAB,,,,,,
Spanish Goat,NOT IN VOCAB,,,,,,
Spanish Mackerel,NOT IN VOCAB,,,,,,
Spanish Mastiff,NOT IN VOCAB,,,,,,
Spanish Water Dog,NOT IN VOCAB,,,,,,
Sparrow,NOT IN VOCAB,,,,,,
Sparrowhawk,NOT IN VOCAB,,,,,,
Speckled Kingsnake,NOT IN VOCAB,,,,,,
Speckled Trout,NOT IN VOCAB,,,,,,
Spectacled Bear,NOT IN VOCAB,,,,,,
Sperm Whale,NOT IN VOCAB,,,,,,
Sphynx,NOT IN VOCAB,,,,,,
Spider,NOT IN VOCAB,,,,,,
Spider Ball Python,NOT IN VOCAB,,,,,,
Spider Beetle,NOT IN VOCAB,,,,,,
Spider Monkey,NOT IN VOCAB,,,,,,
Spider Wasp,NOT IN VOCAB,,,,,,
Spider-Tailed Horned Viper,NOT IN VOCAB,,,,,,
Spinner Shark,NOT IN VOCAB,,,,,,
Spinone Italiano,NOT IN VOCAB,,,,,,
Spinosaurus,NOT IN VOCAB,,,,,,
Spiny bush viper,NOT IN VOCAB,,,,,,
Spiny Dogfish,NOT IN VOCAB,,,,,,
Spiny Hill Turtle,NOT IN VOCAB,,,,,,
Spitting Cobra,NOT IN VOCAB,,,,,,
Spixs Macaw,NOT IN VOCAB,,,,,,
Sponge,NOT IN VOCAB,,,,,,
Spongy Moth,NOT IN VOCAB,,,,,,
Spongy Moth,NOT IN VOCAB,,,,,,
Spotted Bass,NOT IN VOCAB,,,,,,
Spotted Gar,NOT IN VOCAB,,,,,,
Spotted Garden Eel,NOT IN VOCAB,,,,,,
Spotted Lanternfly,NOT IN VOCAB,,,,,,
Spotted python,NOT IN VOCAB,,,,,,
Spotted Skunk,NOT IN VOCAB,,,,,,
Springador,NOT IN VOCAB,,,,,,
Springbok,NOT IN VOCAB,,,,,,
Springerdoodle,NOT IN VOCAB,,,,,,
Squash Bee,NOT IN VOCAB,,,,,,
Squash Beetle,NOT IN VOCAB,,,,,,
Squid,NOT IN VOCAB,,,,,,
Squirrel,NOT IN VOCAB,,,,,,
Squirrel Monkey,NOT IN VOCAB,,,,,,
Squirrelfish,NOT IN VOCAB,,,,,,
Sri Lankan Elephant,NOT IN VOCAB,,,,,,
Stabyhoun,NOT IN VOCAB,,,,,,
Staffordshire Bull Terrier,NOT IN VOCAB,,,,,,
Stag Beetle,NOT IN VOCAB,,,,,,
Standard Schnauzer,NOT IN VOCAB,,,,,,
Star-nosed mole,NOT IN VOCAB,,,,,,
Starfish,NOT IN VOCAB,,,,,,
Stargazer Fish,NOT IN VOCAB,,,,,,
Steelhead Salmon,NOT IN VOCAB,,,,,,
Stellers Sea Cow,NOT IN VOCAB,,,,,,
Stick Insect,NOT IN VOCAB,,,,,,
Stiletto Snake,NOT IN VOCAB,,,,,,
Stingray,NOT IN VOCAB,,,,,,
Stoat,NOT IN VOCAB,,,,,,
Stone Crab,NOT IN VOCAB,,,,,,
Stonechat,NOT IN VOCAB,,,,,,
Stonefish,NOT IN VOCAB,,,,,,
Stoplight Loosejaw,NOT IN VOCAB,,,,,,
Stork,NOT IN VOCAB,,,,,,
Strawberry Hermit Crab,NOT IN VOCAB,,,,,,
Striped Bass,NOT IN VOCAB,,,,,,
Striped Hyena,NOT IN VOCAB,,,,,,
Striped Rocket Frog,NOT IN VOCAB,,,,,,
Stromatolite,NOT IN VOCAB,,,,,,
Stupendemys,NOT IN VOCAB,,,,,,
Sturgeon,NOT IN VOCAB,,,,,,
Styracosaurus,NOT IN VOCAB,,,,,,
Suchomimus,NOT IN VOCAB,,,,,,
Suckerfish,NOT IN VOCAB,,,,,,
Sugar Glider,NOT IN VOCAB,,,,,,
Sulcata Tortoise,NOT IN VOCAB,,,,,,
Sultan Chicken,NOT IN VOCAB,,,,,,
Sumatran Elephant,NOT IN VOCAB,,,,,,
Sumatran Orangutan,NOT IN VOCAB,,,,,,
Sumatran Rhinoceros,NOT IN VOCAB,,,,,,
Sumatran Tiger,NOT IN VOCAB,,,,,,
Summer Tanager,NOT IN VOCAB,,,,,,
Sun Bear,NOT IN VOCAB,,,,,,
Sunbeam Snake,NOT IN VOCAB,,,,,,
Sunset Ball Python,NOT IN VOCAB,,,,,,
Super Pastel Ball Python,NOT IN VOCAB,,,,,,
Supersaurus,NOT IN VOCAB,,,,,,
Superworm,NOT IN VOCAB,,,,,,
Surgeonfish,NOT IN VOCAB,,,,,,
Sussex Chicken,NOT IN VOCAB,,,,,,
Swai Fish,NOT IN VOCAB,,,,,,
Swainsons Hawk,NOT IN VOCAB,,,,,,
Swallow,NOT IN VOCAB,,,,,,
Swallowtail Butterfly,NOT IN VOCAB,,,,,,
Swallowtail Caterpillar,NOT IN VOCAB,,,,,,
Swan,NOT IN VOCAB,,,,,,
Swedish Elkhound,NOT IN VOCAB,,,,,,
Swedish Lapphund,NOT IN VOCAB,,,,,,
Swedish Vallhund,NOT IN VOCAB,,,,,,
Swordfish,NOT IN VOCAB,,,,,,
Syrian Hamster,NOT IN VOCAB,,,,,,
Taco Terrier,NOT IN VOCAB,,,,,,
Tailless Whip Scorpion,NOT IN VOCAB,,,,,,
Taimen Fish,NOT IN VOCAB,,,,,,
Taipan,NOT IN VOCAB,,,,,,
Takin,NOT IN VOCAB,,,,,,
Tamarin,NOT IN VOCAB,,,,,,
Tamaskan,NOT IN VOCAB,,,,,,
Tang,NOT IN VOCAB,,,,,,
Tangerine Leopard Gecko,NOT IN VOCAB,,,,,,
Tapanuli Orangutan,NOT IN VOCAB,,,,,,
Tapir,NOT IN VOCAB,,,,,,
Tarantula,NOT IN VOCAB,,,,,,
Tarantula Hawk,NOT IN VOCAB,,,,,,
Tarbosaurus,NOT IN VOCAB,,,,,,
Tarpon,NOT IN VOCAB,,,,,,
Tarsier,NOT IN VOCAB,,,,,,
Tasmanian Devil,NOT IN VOCAB,,,,,,
Tasmanian Tiger,NOT IN VOCAB,,,,,,
Tasmanian Tiger Snake,NOT IN VOCAB,,,,,,
Tawny Frogmouth,NOT IN VOCAB,,,,,,
Tawny Mining Bee,NOT IN VOCAB,,,,,,
Tawny Owl,NOT IN VOCAB,,,,,,
Teacup Chihuahua,NOT IN VOCAB,,,,,,
Teacup Maltese,NOT IN VOCAB,,,,,,
Teacup Miniature Horse,NOT IN VOCAB,,,,,,
Teacup Poodle,NOT IN VOCAB,,,,,,
Teddy Bear Hamster,NOT IN VOCAB,,,,,,
Teddy Guinea Pig,NOT IN VOCAB,,,,,,
Teddy Roosevelt Terrier,NOT IN VOCAB,,,,,,
Telescope Fish,NOT IN VOCAB,,,,,,
Ten-Lined June Beetle,NOT IN VOCAB,,,,,,
Tennessee Walking Horse,NOT IN VOCAB,,,,,,
Tenrec,NOT IN VOCAB,,,,,,
Tent Caterpillar,NOT IN VOCAB,,,,,,
Tentacled Snake,NOT IN VOCAB,,,,,,
Tenterfield Terrier,NOT IN VOCAB,,,,,,
Termite,NOT IN VOCAB,,,,,,
Terrier,NOT IN VOCAB,,,,,,
Terror Bird,NOT IN VOCAB,,,,,,
Tetra,NOT IN VOCAB,,,,,,
Texas Blind Snake,NOT IN VOCAB,,,,,,
Texas Brown Tarantula,NOT IN VOCAB,,,,,,
Texas Coral Snake,NOT IN VOCAB,,,,,,
Texas Garter Snake,NOT IN VOCAB,,,,,,
Texas Heeler,NOT IN VOCAB,,,,,,
Texas Indigo Snake,NOT IN VOCAB,,,,,,
Texas Night Snake,NOT IN VOCAB,,,,,,
Texas Rat Snake,NOT IN VOCAB,,,,,,
Texas Spiny Lizard,NOT IN VOCAB,,,,,,
Thai Ridgeback,NOT IN VOCAB,,,,,,
Thalassomedon,NOT IN VOCAB,,,,,,
Thanatosdrakon,NOT IN VOCAB,,,,,,
The Only Wild Jaguar In The United States Has A Taste For Bears,NOT IN VOCAB,,,,,,
Therizinosaurus,NOT IN VOCAB,,,,,,
Theropod,NOT IN VOCAB,,,,,,
Thornback Ray,NOT IN VOCAB,,,,,,
Thorny Devil,NOT IN VOCAB,,,,,,
Thresher Shark,NOT IN VOCAB,,,,,,
Thrush,NOT IN VOCAB,,,,,,
Thylacoleo,NOT IN VOCAB,,,,,,
Thylacoleo carnifex,NOT IN VOCAB,,,,,,
Thylacosmilus,NOT IN VOCAB,,,,,,
Tibetan Fox,NOT IN VOCAB,,,,,,
Tibetan Mastiff,NOT IN VOCAB,,,,,,
Tibetan Spaniel,NOT IN VOCAB,,,,,,
Tibetan Terrier,NOT IN VOCAB,,,,,,
Tick,NOT IN VOCAB,,,,,,
Tiffany,NOT IN VOCAB,,,,,,
Tiger,NOT IN VOCAB,,,,,,
Tiger Beetle,NOT IN VOCAB,,,,,,
Tiger Moth,NOT IN VOCAB,,,,,,
Tiger Muskellunge (Muskie),NOT IN VOCAB,,,,,,
Tiger Rattlesnake,NOT IN VOCAB,,,,,,
Tiger Salamander,NOT IN VOCAB,,,,,,
Tiger Shark,NOT IN VOCAB,,,,,,
Tiger snake,NOT IN VOCAB,,,,,,
Tiger Swallowtail,NOT IN VOCAB,,,,,,
Tiger Swallowtail Caterpillar,NOT IN VOCAB,,,,,,
Tiger Trout,NOT IN VOCAB,,,,,,
Tiktaalik,NOT IN VOCAB,,,,,,
Timber Rattlesnake (Canebrake Rattlesnake),NOT IN VOCAB,,,,,,
Timor python,NOT IN VOCAB,,,,,,
Tire Track Eel,NOT IN VOCAB,,,,,,
Titan Beetle,NOT IN VOCAB,,,,,,
Titanoboa,NOT IN VOCAB,,,,,,
Titanosaur,NOT IN VOCAB,,,,,,
Toadfish,NOT IN VOCAB,,,,,,
Tokay Gecko,NOT IN VOCAB,,,,,,
Tomato Hornworm,NOT IN VOCAB,,,,,,
Torkie,NOT IN VOCAB,,,,,,
Tornjak,NOT IN VOCAB,,,,,,
Tortoise,NOT IN VOCAB,,,,,,
Tosa,NOT IN VOCAB,,,,,,
Toucan,NOT IN VOCAB,,,,,,
Towhee,NOT IN VOCAB,,,,,,
Toxodon,NOT IN VOCAB,,,,,,
Toy Fox Terrier,NOT IN VOCAB,,,,,,
Toy Poodle,NOT IN VOCAB,,,,,,
Transylvanian Hound,NOT IN VOCAB,,,,,,
Trapdoor spider,NOT IN VOCAB,,,,,,
Tree Cricket,NOT IN VOCAB,,,,,,
Tree Frog,NOT IN VOCAB,,,,,,
Tree Kangaroo,NOT IN VOCAB,,,,,,
Tree Snake,NOT IN VOCAB,,,,,,
Tree swallow,NOT IN VOCAB,,,,,,
Tree Viper (Bamboo Viper),NOT IN VOCAB,,,,,,
Treecreeper,NOT IN VOCAB,,,,,,
Treehopper,NOT IN VOCAB,,,,,,
Treeing Tennessee Brindle,NOT IN VOCAB,,,,,,
Treeing Walker Coonhound,NOT IN VOCAB,,,,,,
Triggerfish,NOT IN VOCAB,,,,,,
Troodon,NOT IN VOCAB,,,,,,
Tropicbird,NOT IN VOCAB,,,,,,
Trout,NOT IN VOCAB,,,,,,
Tsetse Fly,NOT IN VOCAB,,,,,,
Tuatara,NOT IN VOCAB,,,,,,
Tufted Coquette,NOT IN VOCAB,,,,,,
Tufted Titmouse,NOT IN VOCAB,,,,,,
Tully Monster,NOT IN VOCAB,,,,,,
Tuna,NOT IN VOCAB,,,,,,
Tundra Swan,NOT IN VOCAB,,,,,,
Turaco,NOT IN VOCAB,,,,,,
Turkey,NOT IN VOCAB,,,,,,
Turkey Vulture,NOT IN VOCAB,,,,,,
Turkish Angora,NOT IN VOCAB,,,,,,
Turnspit,NOT IN VOCAB,,,,,,
Turtle Frog,NOT IN VOCAB,,,,,,
Turtles,NOT IN VOCAB,,,,,,
Tusoteuthis,NOT IN VOCAB,,,,,,
Tussock Moth,NOT IN VOCAB,,,,,,
Tussock Moth Caterpillar,NOT IN VOCAB,,,,,,
Twig Snake,NOT IN VOCAB,,,,,,
Tylosaurus,NOT IN VOCAB,,,,,,
Tyrannosaurus Rex,NOT IN VOCAB,,,,,,
Uakari,NOT IN VOCAB,,,,,,
Uaru Cichlid,NOT IN VOCAB,,,,,,
Uguisu,NOT IN VOCAB,,,,,,
Uinta Ground Squirrel,NOT IN VOCAB,,,,,,
Uintatherium,NOT IN VOCAB,,,,,,
Umbrellabird,NOT IN VOCAB,,,,,,
Unau (Linnaeuss Two-Toed Sloth),NOT IN VOCAB,,,,,,
Underwing Moth,NOT IN VOCAB,,,,,,
Upland Sandpiper,NOT IN VOCAB,,,,,,
Ural owl,NOT IN VOCAB,,,,,,
Urechis unicinctus (Penis Fish),NOT IN VOCAB,,,,,,
Urial,NOT IN VOCAB,,,,,,
Uromastyx (Spiny-Tailed Lizard),NOT IN VOCAB,,,,,,
Urutu Snake,NOT IN VOCAB,,,,,,
Utonagan,NOT IN VOCAB,,,,,,
Valley Bulldog,NOT IN VOCAB,,,,,,
Vampire Bat,NOT IN VOCAB,,,,,,
Vampire Crab ,NOT IN VOCAB,,,,,,
Vampire Squid,NOT IN VOCAB,,,,,,
Vaquita,NOT IN VOCAB,,,,,,
Veery,NOT IN VOCAB,,,,,,
Vegavis,NOT IN VOCAB,,,,,,
Velociraptor,NOT IN VOCAB,,,,,,
Venus Flytrap,NOT IN VOCAB,,,,,,
Vermilion Flycatcher,NOT IN VOCAB,,,,,,
Vervet Monkey,NOT IN VOCAB,,,,,,
Vestal Cuckoo Bumblebee,NOT IN VOCAB,,,,,,
Vicuña,NOT IN VOCAB,,,,,,
Vine Snake,NOT IN VOCAB,,,,,,
Vinegaroon,NOT IN VOCAB,,,,,,
Viper,NOT IN VOCAB,,,,,,
Viper Boa,NOT IN VOCAB,,,,,,
Viper Shark (dogfish),NOT IN VOCAB,,,,,,
Viperfish,NOT IN VOCAB,,,,,,
Virgin Islands Dwarf Gecko,NOT IN VOCAB,,,,,,
Vizsla,NOT IN VOCAB,,,,,,
Volcano Snail,NOT IN VOCAB,,,,,,
Vole,NOT IN VOCAB,,,,,,
Volpino Italiano,NOT IN VOCAB,,,,,,
Vulture,NOT IN VOCAB,,,,,,
Wahoo Fish,NOT IN VOCAB,,,,,,
Waimanu,NOT IN VOCAB,,,,,,
Walking Catfish,NOT IN VOCAB,,,,,,
Wallaby,NOT IN VOCAB,,,,,,
Walleye Fish,NOT IN VOCAB,,,,,,
Walrus,NOT IN VOCAB,,,,,,
Wandering Albatross,NOT IN VOCAB,,,,,,
Warbler,NOT IN VOCAB,,,,,,
Warthog,NOT IN VOCAB,,,,,,
Wasp,NOT IN VOCAB,,,,,,
Water Beetle,NOT IN VOCAB,,,,,,
Water Buffalo,NOT IN VOCAB,,,,,,
Water Bug,NOT IN VOCAB,,,,,,
Water Dragon,NOT IN VOCAB,,,,,,
Water Vole,NOT IN VOCAB,,,,,,
Waterbuck,NOT IN VOCAB,,,,,,
Wattled Jacana,NOT IN VOCAB,,,,,,
Wax Moth,NOT IN VOCAB,,,,,,
Weasel,NOT IN VOCAB,,,,,,
Weaver Bird,NOT IN VOCAB,,,,,,
Weimaraner,NOT IN VOCAB,,,,,,
Weimardoodle,NOT IN VOCAB,,,,,,
Wels Catfish,NOT IN VOCAB,,,,,,
Welsh Black Cattle,NOT IN VOCAB,,,,,,
Welsh Corgi,NOT IN VOCAB,,,,,,
Welsh Springer Spaniel,NOT IN VOCAB,,,,,,
Welsh Terrier,NOT IN VOCAB,,,,,,
West Highland Terrier,NOT IN VOCAB,,,,,,
West Siberian Laika,NOT IN VOCAB,,,,,,
Western Blacklegged Tick,NOT IN VOCAB,,,,,,
Western Blind Snake,NOT IN VOCAB,,,,,,
Western Diamondback Rattlesnake,NOT IN VOCAB,,,,,,
Western Gorilla,NOT IN VOCAB,,,,,,
Western Green Mamba,NOT IN VOCAB,,,,,,
Western Hognose Snake,NOT IN VOCAB,,,,,,
Western Kingbird,NOT IN VOCAB,,,,,,
Western Lowland Gorilla,NOT IN VOCAB,,,,,,
Western Rat Snake,NOT IN VOCAB,,,,,,
Western Rattlesnake (Northern Pacific Rattlesnake),NOT IN VOCAB,,,,,,
Western Tanager,NOT IN VOCAB,,,,,,
Westiepoo,NOT IN VOCAB,,,,,,
Whale Shark,NOT IN VOCAB,,,,,,
Wheaten Terrier,NOT IN VOCAB,,,,,,
Whimbrel,NOT IN VOCAB,,,,,,
Whinchat,NOT IN VOCAB,,,,,,
Whippet,NOT IN VOCAB,,,,,,
Whiptail Lizard,NOT IN VOCAB,,,,,,
White Bass,NOT IN VOCAB,,,,,,
White Butterfly,NOT IN VOCAB,,,,,,
White Catfish,NOT IN VOCAB,,,,,,
White Crappie,NOT IN VOCAB,,,,,,
White Ferret / Albino Ferrets,NOT IN VOCAB,,,,,,
White German Shepherd,NOT IN VOCAB,,,,,,
White Marlin,NOT IN VOCAB,,,,,,
White Rhinoceros,NOT IN VOCAB,,,,,,
White Shark,NOT IN VOCAB,,,,,,
White Sturgeon ,NOT IN VOCAB,,,,,,
White Tiger,NOT IN VOCAB,,,,,,
White-Crowned Sparrow,NOT IN VOCAB,,,,,,
White-Eyed Vireo,NOT IN VOCAB,,,,,,
White-Faced Capuchin,NOT IN VOCAB,,,,,,
White-shouldered House Moth,NOT IN VOCAB,,,,,,
White-tail deer,NOT IN VOCAB,,,,,,
White-Tailed Eagle,NOT IN VOCAB,,,,,,
Whitetail Deer,NOT IN VOCAB,,,,,,
Whiting,NOT IN VOCAB,,,,,,
Whoodle,NOT IN VOCAB,,,,,,
Whooping Crane,NOT IN VOCAB,,,,,,
Wild Boar,NOT IN VOCAB,,,,,,
Wildebeest,NOT IN VOCAB,,,,,,
Willow Flycatcher,NOT IN VOCAB,,,,,,
Willow Warbler,NOT IN VOCAB,,,,,,
Winter Moth,NOT IN VOCAB,,,,,,
Wire Fox Terrier,NOT IN VOCAB,,,,,,
Wirehaired Pointing Griffon,NOT IN VOCAB,,,,,,
Wirehaired Vizsla,NOT IN VOCAB,,,,,,
Wiwaxia,NOT IN VOCAB,,,,,,
Wolf,NOT IN VOCAB,,,,,,
Wolf Eel,NOT IN VOCAB,,,,,,
Wolf Snake,NOT IN VOCAB,,,,,,
Wolf Spider,NOT IN VOCAB,,,,,,
Wolffish,NOT IN VOCAB,,,,,,
Wolverine,NOT IN VOCAB,,,,,,
Woma Python,NOT IN VOCAB,,,,,,
Wombat,NOT IN VOCAB,,,,,,
Wood Bison,NOT IN VOCAB,,,,,,
Wood Duck,NOT IN VOCAB,,,,,,
Wood Frog,NOT IN VOCAB,,,,,,
Wood Tick,NOT IN VOCAB,,,,,,
Wood Turtle,NOT IN VOCAB,,,,,,
Woodlouse,NOT IN VOCAB,,,,,,
Woodlouse Spider,NOT IN VOCAB,,,,,,
Woodpecker,NOT IN VOCAB,,,,,,
Woodrat,NOT IN VOCAB,,,,,,
Wool Carder Bee,NOT IN VOCAB,,,,,,
Woolly Aphids,NOT IN VOCAB,,,,,,
Woolly Bear Caterpillar,NOT IN VOCAB,,,,,,
Woolly Mammoth,NOT IN VOCAB,,,,,,
Woolly Monkey,NOT IN VOCAB,,,,,,
Woolly Rhinoceros,NOT IN VOCAB,,,,,,
Worm,NOT IN VOCAB,,,,,,
Worm Snake,NOT IN VOCAB,,,,,,
Wrasse,NOT IN VOCAB,,,,,,
Writing Spider,NOT IN VOCAB,,,,,,
Wrought Iron Butterflyfish,NOT IN VOCAB,,,,,,
Wryneck,NOT IN VOCAB,,,,,,
Wyandotte Chicken,NOT IN VOCAB,,,,,,
Wyoming Toad,NOT IN VOCAB,,,,,,
X-Ray Tetra,NOT IN VOCAB,,,,,,
Xeme (Sabines Gull),NOT IN VOCAB,,,,,,
Xenacanthus,NOT IN VOCAB,,,,,,
Xenoceratops,NOT IN VOCAB,,,,,,
Xenoposeidon,NOT IN VOCAB,,,,,,
Xenotarsosaurus,NOT IN VOCAB,,,,,,
Xerus,NOT IN VOCAB,,,,,,
Xiaosaurus,NOT IN VOCAB,,,,,,
Xiaotingia,NOT IN VOCAB,,,,,,
Xingu River Ray,NOT IN VOCAB,,,,,,
Xiongguanlong,NOT IN VOCAB,,,,,,
Xiphactinus,NOT IN VOCAB,,,,,,
Xoloitzcuintli,NOT IN VOCAB,,,,,,
Yabby,NOT IN VOCAB,,,,,,
Yak,NOT IN VOCAB,,,,,,
Yakutian Laika,NOT IN VOCAB,,,,,,
Yarara,NOT IN VOCAB,,,,,,
Yellow Anaconda,NOT IN VOCAB,,,,,,
Yellow Aphids,NOT IN VOCAB,,,,,,
Yellow Bass,NOT IN VOCAB,,,,,,
Yellow Bellied Sapsucker,NOT IN VOCAB,,,,,,
Yellow Belly Ball Python,NOT IN VOCAB,,,,,,
Yellow Bullhead Catfish,NOT IN VOCAB,,,,,,
Yellow Cobra,NOT IN VOCAB,,,,,,
Yellow Crazy Ant,NOT IN VOCAB,,,,,,
Yellow Perch,NOT IN VOCAB,,,,,,
Yellow Sac Spider,NOT IN VOCAB,,,,,,
Yellow Spotted Lizard,NOT IN VOCAB,,,,,,
Yellow Tanager (Black-and-Yellow Tanager),NOT IN VOCAB,,,,,,
Yellow Tang,NOT IN VOCAB,,,,,,
Yellow-Bellied Sea Snake,NOT IN VOCAB,,,,,,
Yellow-Eyed Penguin,NOT IN VOCAB,,,,,,
Yellow-faced Bee,NOT IN VOCAB,,,,,,
Yellowfin Tuna,NOT IN VOCAB,,,,,,
Yellowhammer,NOT IN VOCAB,,,,,,
Yellowish Cuckoo Bumblebee (formerly Fernalds Cuckoo Bumblebee),NOT IN VOCAB,,,,,,
Yellowjacket (Yellow Jacket),NOT IN VOCAB,,,,,,
Yellowtail Snapper,NOT IN VOCAB,,,,,,
Yellowthroat,NOT IN VOCAB,,,,,,
Yeti Crab,NOT IN VOCAB,,,,,,
Yokohama Chicken,NOT IN VOCAB,,,,,,
Yoranian,NOT IN VOCAB,,,,,,
Yorkie Bichon,NOT IN VOCAB,,,,,,
Yorkiepoo,NOT IN VOCAB,,,,,,
Yorkshire Terrier,NOT IN VOCAB,,,,,,
Zebra,NOT IN VOCAB,,,,,,
Zebra Finch,NOT IN VOCAB,,,,,,
Zebra Mussels,NOT IN VOCAB,,,,,,
Zebra Pleco,NOT IN VOCAB,,,,,,
Zebra Shark,NOT IN VOCAB,,,,,,
Zebra Snake,NOT IN VOCAB,,,,,,
Zebra Spitting Cobra,NOT IN VOCAB,,,,,,
Zebra Tarantula,NOT IN VOCAB,,,,,,
Zebrafish (Zebra Fish),NOT IN VOCAB,,,,,,
Zebu,NOT IN VOCAB,,,,,,
Zokor,NOT IN VOCAB,,,,,,
Zonkey,NOT IN VOCAB,,,,,,
Zorse,NOT IN VOCAB,,,,,,
Zuchon,NOT IN VOCAB,,,,,,
Panther,NOT IN VOCAB,,,,,,
Lion,NOT IN VOCAB,,,,,,
Amur Leopard,NOT IN VOCAB,,,,,,
White Tiger,NOT IN VOCAB,,,,,,
Polar Bear,NOT IN VOCAB,,,,,,
Wolf,NOT IN VOCAB,,,,,,
Great White Shark,NOT IN VOCAB,,,,,,
Mourning Gecko,NOT IN VOCAB,,,,,,
Cobalt Blue Tarantula,NOT IN VOCAB,,,,,,
Dried Fruit Moth,NOT IN VOCAB,,,,,,
Nile Monitor,NOT IN VOCAB,,,,,,
Doberman Pinscher,NOT IN VOCAB,,,,,,
Raccoon Dog,NOT IN VOCAB,,,,,,
Silver Dollar,NOT IN VOCAB,,,,,,
Woodlouse,NOT IN VOCAB,,,,,,
Goat,NOT IN VOCAB,,,,,,
