ForagerWord,Result
aardvark,IN AZ
aardwolf,IN AZ
abalone,NOT IN AZ
abeja,NOT IN AZ
addax,IN AZ
adder,NOT IN AZ
adelgid,NOT IN AZ
adelie penguin,NOT IN AZ
aedes aegypti,NOT IN AZ
affenpinscher,IN AZ
afghan hound,IN AZ
african dog,NOT IN AZ
african elephant,NOT IN AZ
african wild dog,IN AZ
agama,NOT IN AZ
agouti,IN AZ
airedale terrier,IN AZ
akita,IN AZ
albacore,NOT IN AZ
albatross,IN AZ
albino python,NOT IN AZ
alga,NOT IN AZ
alligator,NOT IN AZ
alligator lizard,NOT IN AZ
alligator snapping turtle,NOT IN AZ
allosaurus,IN AZ
alpaca,IN AZ
amberjack,IN AZ
american toad,IN AZ
amoeba,NOT IN AZ
amphibian,NOT IN AZ
amphioxus,NOT IN AZ
amphipod,NOT IN AZ
anaconda,IN AZ
anchovy,NOT IN AZ
anemone,NOT IN AZ
angelfish,IN AZ
anglerfish,IN AZ
angora goat,IN AZ
angora rabbit,NOT IN AZ
anhinga,IN AZ
ankylosaur,NOT IN AZ
annelid,NOT IN AZ
anole,NOT IN AZ
ant,IN AZ
anteater,IN AZ
antelope,IN AZ
antelope squirrel,NOT IN AZ
anthropoid,NOT IN AZ
antlion,NOT IN AZ
apatosaurus,NOT IN AZ
ape,IN AZ
aphid,NOT IN AZ
aplysia,NOT IN AZ
appaloosa,NOT IN AZ
apple maggot,NOT IN AZ
arachnid,NOT IN AZ
arapaima,IN AZ
archaea,NOT IN AZ
archeopteryx,NOT IN AZ
archosaur,NOT IN AZ
arctic char,IN AZ
arctic fox,IN AZ
argali,NOT IN AZ
armadillo,IN AZ
armyworm,IN AZ
arrowhead dogfish,NOT IN AZ
arrowhead shark,NOT IN AZ
arthropod,NOT IN AZ
ascidians,NOT IN AZ
asian elephant,IN AZ
asp,IN AZ
ass,NOT IN AZ
assassin bug,IN AZ
auk,NOT IN AZ
auklet,NOT IN AZ
auroch,NOT IN AZ
australopithecine,NOT IN AZ
avian,NOT IN AZ
avocet,IN AZ
axolotl,IN AZ
aye aye,NOT IN AZ
babirusa,IN AZ
baboon,IN AZ
baby,NOT IN AZ
baca,NOT IN AZ
bacteria,NOT IN AZ
badger,IN AZ
bald eagle,IN AZ
baleen whale,IN AZ
banana slug,NOT IN AZ
bandicoot,IN AZ
bantam,NOT IN AZ
bark beetle,IN AZ
barn owl,IN AZ
barnacle,IN AZ
barnacle goose,NOT IN AZ
barracuda,IN AZ
barramundi,NOT IN AZ
barred owl,IN AZ
basenji,NOT IN AZ
basilisk,NOT IN AZ
basking shark,IN AZ
bass,IN AZ
basset hound,IN AZ
bat,IN AZ
batfish,IN AZ
bay scallop,NOT IN AZ
baya,IN AZ
beaded lizard,NOT IN AZ
beagle,IN AZ
beaked whale,NOT IN AZ
bear,IN AZ
bear cub,NOT IN AZ
bearcat,NOT IN AZ
bearded dragon,IN AZ
bearded vulture,IN AZ
beaver,IN AZ
bedbug,NOT IN AZ
bee,IN AZ
bee eater,NOT IN AZ
bee moth,NOT IN AZ
beef cattle,NOT IN AZ
beefalo,IN AZ
beet armyworm,NOT IN AZ
beetle,IN AZ
bellbird,NOT IN AZ
belted kingfisher,IN AZ
beluga,NOT IN AZ
beluga whale,NOT IN AZ
bengal tiger,IN AZ
bernese mountain dog,IN AZ
bessbug,NOT IN AZ
beta fish,NOT IN AZ
betta,NOT IN AZ
betta fish,NOT IN AZ
bettong,NOT IN AZ
bichon,NOT IN AZ
bigeye,NOT IN AZ
bighorn,NOT IN AZ
bighorn sheep,IN AZ
bilbies,NOT IN AZ
bilby,IN AZ
billfish,NOT IN AZ
billy goat,NOT IN AZ
binturong,IN AZ
bird,IN AZ
bison,IN AZ
biting midge,NOT IN AZ
bittern,NOT IN AZ
bivalve,NOT IN AZ
black bear,NOT IN AZ
black headed gull,NOT IN AZ
black lab,NOT IN AZ
black labrador,NOT IN AZ
black mamba,IN AZ
black panther,NOT IN AZ
black squirrel,NOT IN AZ
black widow,NOT IN AZ
black-capped chickadee,IN AZ
blackbird,NOT IN AZ
blackbuck,NOT IN AZ
blackcap,NOT IN AZ
blackfish,NOT IN AZ
blackfly,NOT IN AZ
blackpoll,NOT IN AZ
blacktail,NOT IN AZ
blacktail deer,NOT IN AZ
blacktip reef shark,IN AZ
blacktip shark,NOT IN AZ
blenny,NOT IN AZ
blister beetle,IN AZ
blobfish,IN AZ
bloodhound,IN AZ
bloodworm,NOT IN AZ
blowfish,NOT IN AZ
blowfly,IN AZ
blubber fish,NOT IN AZ
blue catfish,IN AZ
blue heron,NOT IN AZ
blue jay,IN AZ
blue marlin,NOT IN AZ
blue shark,IN AZ
blue whale,IN AZ
bluebill,NOT IN AZ
bluebird,NOT IN AZ
bluefin,NOT IN AZ
bluefin tuna,IN AZ
bluefish,IN AZ
bluefooted booby,NOT IN AZ
bluegill,IN AZ
bluetick,NOT IN AZ
boa,NOT IN AZ
boa constrictor,NOT IN AZ
boar,NOT IN AZ
bobcat,IN AZ
bobolink,IN AZ
bobtail,NOT IN AZ
bobwhite,NOT IN AZ
bobwhite quail,NOT IN AZ
boll weevil,NOT IN AZ
bollworm,NOT IN AZ
bolognese,NOT IN AZ
bombardier beetle,IN AZ
bonefish,IN AZ
bongo,IN AZ
bonito,NOT IN AZ
bonnethead,NOT IN AZ
bonobo,IN AZ
bony fish,NOT IN AZ
booby,IN AZ
border collie,IN AZ
borzoi,NOT IN AZ
boston terrier,IN AZ
botfly,NOT IN AZ
boto,NOT IN AZ
bottlenose,NOT IN AZ
bottlenose dolphin,IN AZ
bottlenose whale,NOT IN AZ
bovine,NOT IN AZ
bowerbird,NOT IN AZ
bowfin,IN AZ
bowhead,NOT IN AZ
bowhead whale,IN AZ
box turtle,IN AZ
boxelder bug,NOT IN AZ
boxer,NOT IN AZ
boxfish,IN AZ
brachiopod,NOT IN AZ
brachiosaurus,IN AZ
bream,NOT IN AZ
brimfish,NOT IN AZ
brine shrimp,NOT IN AZ
broadbill,NOT IN AZ
broadtail,NOT IN AZ
bronc,NOT IN AZ
bronco,NOT IN AZ
brontosaurus,IN AZ
broodmare,NOT IN AZ
broody hen,NOT IN AZ
brook trout,IN AZ
brown bear,IN AZ
brown bullhead,NOT IN AZ
brown creeper,NOT IN AZ
brown hyena,IN AZ
brown recluse,NOT IN AZ
brown recluse spider,NOT IN AZ
brown thrasher,NOT IN AZ
brown trout,NOT IN AZ
bruin,NOT IN AZ
bryozoan,NOT IN AZ
buck,NOT IN AZ
bucking bronco,NOT IN AZ
budgerigar,IN AZ
budgie,NOT IN AZ
buffalo,IN AZ
bufflehead,NOT IN AZ
bufo,NOT IN AZ
bug,NOT IN AZ
bulbul,NOT IN AZ
bull,NOT IN AZ
bull mastiff,NOT IN AZ
bull shark,IN AZ
bull snake,NOT IN AZ
bull terrier,IN AZ
bulldog,IN AZ
bullfinch,NOT IN AZ
bullfrog,IN AZ
bullhead,NOT IN AZ
bullhead catfish,NOT IN AZ
bullmastiff,IN AZ
bullock,NOT IN AZ
bullsnake,IN AZ
bumblebee,IN AZ
bunny,NOT IN AZ
bunny rabbit,NOT IN AZ
bunting,NOT IN AZ
burbot,NOT IN AZ
burmese mountain dog,NOT IN AZ
burro,NOT IN AZ
bush squirrel,NOT IN AZ
bushbaby,NOT IN AZ
bushbuck,NOT IN AZ
bushmaster,NOT IN AZ
bustard,NOT IN AZ
butterfish,NOT IN AZ
butterflies,NOT IN AZ
butterfly,IN AZ
butterflyfish,NOT IN AZ
buzzard,NOT IN AZ
cactus wren,IN AZ
caddis fly,NOT IN AZ
caecilian,IN AZ
caiman,IN AZ
cairn terrier,IN AZ
calf,NOT IN AZ
calico cat,NOT IN AZ
camel,IN AZ
cameo,NOT IN AZ
canary,NOT IN AZ
canebrake rattlesnake,NOT IN AZ
canine,NOT IN AZ
canis lupus,NOT IN AZ
cankerworm,NOT IN AZ
canvasback,IN AZ
canvasback duck,NOT IN AZ
cape buffalo,NOT IN AZ
capelin,NOT IN AZ
capercaillie,NOT IN AZ
capibara,NOT IN AZ
caplin,NOT IN AZ
capon,NOT IN AZ
capuchin,IN AZ
capuchin monkey,NOT IN AZ
capybara,IN AZ
carabao,NOT IN AZ
caracal,IN AZ
caracara,NOT IN AZ
cardinal,IN AZ
caribou,IN AZ
carp,IN AZ
carpenter ant,IN AZ
carpenter bee,NOT IN AZ
carpet beetle,IN AZ
carrier pigeon,NOT IN AZ
carrion crow,NOT IN AZ
carthorse,NOT IN AZ
cartilaginous fish,NOT IN AZ
cassowary,IN AZ
cat,IN AZ
catamount,NOT IN AZ
catbird,NOT IN AZ
caterpillar,IN AZ
catfish,IN AZ
cattle,NOT IN AZ
cattle egret,NOT IN AZ
cavalier king charles spaniel,IN AZ
cavy,NOT IN AZ
cayote,NOT IN AZ
cedar waxwing,IN AZ
centipede,IN AZ
cephalopod,NOT IN AZ
ceratopsian,IN AZ
cervid,NOT IN AZ
cetacean,NOT IN AZ
chachalaca,NOT IN AZ
chaffinch,NOT IN AZ
chain pickerel,IN AZ
chambered nautilus,NOT IN AZ
chameleon,IN AZ
chamois,IN AZ
channel catfish,NOT IN AZ
char,NOT IN AZ
charolais,NOT IN AZ
cheep,NOT IN AZ
cheetah,IN AZ
chetah,NOT IN AZ
chewbacca,NOT IN AZ
chick,NOT IN AZ
chickadee,IN AZ
chicken,IN AZ
chigger,IN AZ
chihuahua,IN AZ
chimaera,IN AZ
chimp,NOT IN AZ
chimpanzee,IN AZ
chinch bug,NOT IN AZ
chinchilla,IN AZ
chinook,IN AZ
chinook salmon,IN AZ
chipmunk,IN AZ
chipping sparrow,IN AZ
chocolate labrador,NOT IN AZ
chough,NOT IN AZ
chow chow,IN AZ
christmas tree worm,NOT IN AZ
chub,NOT IN AZ
chum salmon,NOT IN AZ
cicada,IN AZ
cicada killer,NOT IN AZ
cichlid,IN AZ
cichlid fish,NOT IN AZ
civet,NOT IN AZ
civet cat,NOT IN AZ
clam,NOT IN AZ
cleaner shrimp,NOT IN AZ
clown fish,NOT IN AZ
clownfish,IN AZ
clydesdale,NOT IN AZ
coati,IN AZ
coatimundi,NOT IN AZ
cobia,NOT IN AZ
cobra,NOT IN AZ
cochineal,NOT IN AZ
cock,NOT IN AZ
cockatiel,IN AZ
cockatoo,IN AZ
cocker,NOT IN AZ
cocker spaniel,IN AZ
cockerel,NOT IN AZ
cockle,IN AZ
cockroach,IN AZ
cockroaches,NOT IN AZ
cod,NOT IN AZ
codfish,IN AZ
codling,NOT IN AZ
codling moth,IN AZ
coelacanth,IN AZ
coho,NOT IN AZ
coho salmon,NOT IN AZ
collared lizard,NOT IN AZ
collared peccary,IN AZ
collie,IN AZ
colobus,NOT IN AZ
colobus monkey,NOT IN AZ
colt,NOT IN AZ
colugo,NOT IN AZ
comb jelly,NOT IN AZ
common murre,NOT IN AZ
common scoter,NOT IN AZ
common yellowthroat,IN AZ
conch,NOT IN AZ
condor,NOT IN AZ
coney,NOT IN AZ
conger,NOT IN AZ
conger eel,IN AZ
constrictor,NOT IN AZ
conure,IN AZ
coonhound,NOT IN AZ
coot,NOT IN AZ
cooter,NOT IN AZ
copepod,NOT IN AZ
copperhead,IN AZ
copperhead snake,NOT IN AZ
coq,NOT IN AZ
coral,IN AZ
coral reef snake,NOT IN AZ
coral snake,IN AZ
corbina,NOT IN AZ
corgi,NOT IN AZ
cormorant,IN AZ
corn borer,NOT IN AZ
corn borer moth,NOT IN AZ
corn earworm,IN AZ
corn snake,IN AZ
corncrake,NOT IN AZ
cornish game hen,NOT IN AZ
corydoras,NOT IN AZ
cotton bollworm,NOT IN AZ
cottonmouth,IN AZ
cottonmouth moccasin,NOT IN AZ
cottontail,NOT IN AZ
cottontail rabbit,NOT IN AZ
cougar,IN AZ
courser,NOT IN AZ
cow,IN AZ
cowbird,NOT IN AZ
cownose ray,NOT IN AZ
cowrie,NOT IN AZ
cowry,NOT IN AZ
cows,NOT IN AZ
coyote,IN AZ
coypu,NOT IN AZ
crab,IN AZ
crane,IN AZ
cranefly,NOT IN AZ
crappie,NOT IN AZ
crawdad,NOT IN AZ
crawfish,NOT IN AZ
crawler,NOT IN AZ
crayfish,IN AZ
crevalle jack,NOT IN AZ
cricket,IN AZ
crinoid,NOT IN AZ
croaker,NOT IN AZ
croc,NOT IN AZ
crocodile,IN AZ
crossbill,NOT IN AZ
crow,IN AZ
crucian carp,IN AZ
crustacean,NOT IN AZ
cub,NOT IN AZ
cuckoo,IN AZ
culex pipiens,NOT IN AZ
curlew,NOT IN AZ
cuscus,NOT IN AZ
cusk,NOT IN AZ
cuttlefish,IN AZ
cutworm,NOT IN AZ
cygnet,NOT IN AZ
dace,NOT IN AZ
dachshund,IN AZ
daddy longlegs,NOT IN AZ
dairy cattle,NOT IN AZ
dairy cow,NOT IN AZ
dall sheep,NOT IN AZ
dalmatian,IN AZ
damsel fish,NOT IN AZ
damselfish,IN AZ
damselfly,NOT IN AZ
daphnia,NOT IN AZ
darkling beetle,IN AZ
darning needle,NOT IN AZ
darter,NOT IN AZ
darwin frog,NOT IN AZ
daschund,NOT IN AZ
dear,NOT IN AZ
decapod,NOT IN AZ
deer,IN AZ
deerhound,NOT IN AZ
degu,NOT IN AZ
desert tortoise,IN AZ
devil,NOT IN AZ
devon rex,IN AZ
diamondback,NOT IN AZ
diamondback rattlesnake,NOT IN AZ
diamondback terrapin,NOT IN AZ
dik-dik,IN AZ
dingo,IN AZ
dinosaur,NOT IN AZ
dinosaurs,IN AZ
diplodocus,IN AZ
doberman,NOT IN AZ
doberman pinscher,IN AZ
dodo,IN AZ
dodo bird,NOT IN AZ
doe,NOT IN AZ
dog,IN AZ
dogfish,NOT IN AZ
doggie,NOT IN AZ
doggy,NOT IN AZ
dogs,NOT IN AZ
dolphin,IN AZ
dolphinfish,NOT IN AZ
domingo,NOT IN AZ
donkey,IN AZ
doodlebug,NOT IN AZ
dormouse,IN AZ
dory,NOT IN AZ
dotterel,NOT IN AZ
double-crested cormorant,NOT IN AZ
dove,NOT IN AZ
downy woodpecker,IN AZ
dragon,NOT IN AZ
dragon lizard,NOT IN AZ
dragonfly,IN AZ
drake,NOT IN AZ
dray horse,NOT IN AZ
dromedary,NOT IN AZ
drosophila,NOT IN AZ
drum fish,IN AZ
duck,IN AZ
duckbill,NOT IN AZ
duckbilled platypus,NOT IN AZ
duckling,NOT IN AZ
ducks,NOT IN AZ
dugong,IN AZ
duiker,NOT IN AZ
dung beetle,IN AZ
dungeness crab,IN AZ
dunlin,NOT IN AZ
dusky shark,IN AZ
dwarf hamster,IN AZ
dwarf rabbit,NOT IN AZ
dwarf sperm whale,NOT IN AZ
eagle,IN AZ
eagle ray,IN AZ
eaglet,NOT IN AZ
eared grebe,IN AZ
earthworm,IN AZ
earwig,IN AZ
eastern cottontail,IN AZ
eastern indigo snake,IN AZ
eastern kingbird,IN AZ
eastern lowland gorilla,IN AZ
eastern meadowlark,IN AZ
eastern newt,NOT IN AZ
eastern toebiter,NOT IN AZ
echidna,IN AZ
echinoderm,NOT IN AZ
eel,IN AZ
eelpout,IN AZ
eels,NOT IN AZ
egret,IN AZ
eider,IN AZ
eider duck,NOT IN AZ
eland,IN AZ
electric eel,IN AZ
elephant,IN AZ
elephant seal,IN AZ
elk,IN AZ
elkhound,NOT IN AZ
elver,NOT IN AZ
emerald shiner,NOT IN AZ
emperor penguin,IN AZ
emu,IN AZ
equine,NOT IN AZ
ermine,IN AZ
escolar,IN AZ
eugarie,NOT IN AZ
evening grosbeak,IN AZ
ewe,NOT IN AZ
fairy shrimp,NOT IN AZ
fairy tern,NOT IN AZ
falcon,IN AZ
fall armyworm,NOT IN AZ
fall webworm,NOT IN AZ
fallow deer,IN AZ
fawn,NOT IN AZ
feline,NOT IN AZ
fennec fox,IN AZ
ferret,IN AZ
fiddler crab,IN AZ
filaria,NOT IN AZ
filly,NOT IN AZ
fin whale,IN AZ
finback,NOT IN AZ
finback whale,NOT IN AZ
finch,IN AZ
fire ant,NOT IN AZ
firebird,NOT IN AZ
firebug,NOT IN AZ
firefly,IN AZ
fish,IN AZ
fish eagle,NOT IN AZ
fisher,IN AZ
fisher cat,NOT IN AZ
flacon,NOT IN AZ
flamingo,IN AZ
flatfish,NOT IN AZ
flathead catfish,IN AZ
flatworm,NOT IN AZ
flea,IN AZ
flea beetle,IN AZ
flies,NOT IN AZ
flounder,IN AZ
fly,IN AZ
fly fish,NOT IN AZ
flycatcher,IN AZ
flying fish,IN AZ
flying monkey,NOT IN AZ
flying snake,IN AZ
flying squirrel,IN AZ
foal,NOT IN AZ
forest tent caterpillar,NOT IN AZ
fossa,IN AZ
four eye butterfly fish,NOT IN AZ
foureye butterflyfish,NOT IN AZ
fowl,NOT IN AZ
fox,IN AZ
fox squirrel,IN AZ
fox terrier,IN AZ
foxes,NOT IN AZ
foxhound,NOT IN AZ
french bulldog,IN AZ
fresh water fish,NOT IN AZ
freshwater eel,IN AZ
freshwater fish,NOT IN AZ
freshwater mussel,NOT IN AZ
friesian,NOT IN AZ
frog,IN AZ
frogfish,IN AZ
froghopper,NOT IN AZ
frogmouth,NOT IN AZ
fruit bat,IN AZ
fruit fly,IN AZ
fulmar,NOT IN AZ
fungi,NOT IN AZ
fungus gnat,NOT IN AZ
gaboon viper,IN AZ
gadfly,NOT IN AZ
gal,NOT IN AZ
gall midge,NOT IN AZ
gall wasp,NOT IN AZ
gallinule,NOT IN AZ
gamecock,NOT IN AZ
gander,NOT IN AZ
gannet,NOT IN AZ
gar,IN AZ
garden snake,NOT IN AZ
garfish,NOT IN AZ
garibaldi,NOT IN AZ
garter snake,IN AZ
gator,NOT IN AZ
gaur,NOT IN AZ
gavial,NOT IN AZ
gazelle,IN AZ
gecko,IN AZ
geese,NOT IN AZ
gelding,NOT IN AZ
gemsbok,NOT IN AZ
genet,IN AZ
geoduck,NOT IN AZ
gerbil,IN AZ
gerbils,NOT IN AZ
german shepard,NOT IN AZ
german shepherd,NOT IN AZ
gharial,IN AZ
ghost crab,IN AZ
giant,NOT IN AZ
giant anteater,NOT IN AZ
giant panda,NOT IN AZ
giant schnauzer,IN AZ
giant squid,NOT IN AZ
giant tortoise,NOT IN AZ
gibbon,IN AZ
gila monster,IN AZ
giraffe,IN AZ
glaucus,NOT IN AZ
glider,NOT IN AZ
globefish,NOT IN AZ
glowworm,IN AZ
gnat,IN AZ
gnatcatcher,NOT IN AZ
gnu,NOT IN AZ
goanna,NOT IN AZ
goat,IN AZ
goatfish,NOT IN AZ
goats,NOT IN AZ
goby,NOT IN AZ
godwit,NOT IN AZ
godzilla,NOT IN AZ
gold fish,NOT IN AZ
golden eagle,IN AZ
golden labrador,NOT IN AZ
golden marmot,NOT IN AZ
golden plover,NOT IN AZ
golden retriever,IN AZ
golden shiner,IN AZ
goldendoodle,IN AZ
goldfinch,NOT IN AZ
goldfish,IN AZ
gooney bird,NOT IN AZ
goose,IN AZ
gopher,IN AZ
gopher snake,IN AZ
gopher tortoise,IN AZ
gopher turtle,NOT IN AZ
gorgonian,NOT IN AZ
gorilla,IN AZ
goshawk,IN AZ
gosling,NOT IN AZ
grackle,NOT IN AZ
grass snake,IN AZ
grasshopper,IN AZ
grasshopper mouse,IN AZ
gray catbird,IN AZ
gray fox,IN AZ
gray jay,NOT IN AZ
gray mullet,NOT IN AZ
gray partridge,NOT IN AZ
gray treefrog,NOT IN AZ
gray whale,NOT IN AZ
gray wolf,NOT IN AZ
graywolf,NOT IN AZ
great auk,NOT IN AZ
great blue heron,IN AZ
great crested grebe,NOT IN AZ
great dane,IN AZ
great horned owl,NOT IN AZ
great pyrenees,IN AZ
great white shark,IN AZ
greater yellowlegs,NOT IN AZ
grebe,IN AZ
green lacewing,NOT IN AZ
green mamba,IN AZ
green tree frog,IN AZ
green tree python,IN AZ
greenfly,NOT IN AZ
greenling,NOT IN AZ
greenshank,NOT IN AZ
grenadier,NOT IN AZ
grey squirrel,NOT IN AZ
grey whale,NOT IN AZ
greyhound,IN AZ
greylag goose,NOT IN AZ
griffon,NOT IN AZ
griffon vulture,IN AZ
grizzly,NOT IN AZ
grizzly bear,IN AZ
grosbeak,NOT IN AZ
ground hog,NOT IN AZ
ground squirrel,IN AZ
groundfish,NOT IN AZ
groundhog,NOT IN AZ
grouper,IN AZ
grouse,IN AZ
grub,NOT IN AZ
grunt,NOT IN AZ
guan,NOT IN AZ
guanaco,NOT IN AZ
gudgeon,NOT IN AZ
guenon,NOT IN AZ
guerrilla,NOT IN AZ
guillemot,NOT IN AZ
guinea fowl,IN AZ
guinea hen,NOT IN AZ
guinea pig,IN AZ
guinea worm,NOT IN AZ
guineafowl,NOT IN AZ
gull,NOT IN AZ
gumboot chiton,NOT IN AZ
gunnel,NOT IN AZ
guppy,IN AZ
gurnard,NOT IN AZ
gypsy moth,IN AZ
gyrfalcon,NOT IN AZ
hackney,NOT IN AZ
haddock,IN AZ
hadrosaur,NOT IN AZ
hagfish,IN AZ
hairless cat,NOT IN AZ
hairstreak,NOT IN AZ
hairstreak butterfly,NOT IN AZ
hairy woodpecker,IN AZ
hake,NOT IN AZ
halcyon,NOT IN AZ
halibut,IN AZ
hammerhead,NOT IN AZ
hammerhead shark,IN AZ
hamster,IN AZ
hanover hound,NOT IN AZ
harambe,NOT IN AZ
harbor porpoise,IN AZ
harbor seal,IN AZ
hare,IN AZ
harp seal,IN AZ
harpy eagle,IN AZ
harrier,IN AZ
hart,NOT IN AZ
hartebeest,IN AZ
havanese dog,NOT IN AZ
hawk,IN AZ
hawk moth,NOT IN AZ
hawk owl,NOT IN AZ
hawkmoth,NOT IN AZ
hawksbill,NOT IN AZ
hawksbill turtle,NOT IN AZ
heath hen,NOT IN AZ
hedgehog,IN AZ
heifer,NOT IN AZ
hellbender,IN AZ
helminth,NOT IN AZ
hen,NOT IN AZ
hen harrier,NOT IN AZ
hermit,NOT IN AZ
hermit crab,IN AZ
hermit thrush,NOT IN AZ
heron,IN AZ
herring,IN AZ
herring gull,IN AZ
hexapod,NOT IN AZ
hinny,NOT IN AZ
hippo,NOT IN AZ
hippopotamus,IN AZ
hoary marmot,NOT IN AZ
hoatzin,NOT IN AZ
hog,NOT IN AZ
hogfish,IN AZ
hogg,NOT IN AZ
hogget,NOT IN AZ
hognose snake,IN AZ
hogs,NOT IN AZ
holstein,NOT IN AZ
homing pigeon,NOT IN AZ
hominid,NOT IN AZ
hominoid,NOT IN AZ
homo erectus,NOT IN AZ
homo habilis,NOT IN AZ
homo sapiens,NOT IN AZ
honey badger,IN AZ
honey bee,IN AZ
honey buzzard,IN AZ
honeybee,NOT IN AZ
honeycreeper,NOT IN AZ
hooded merganser,NOT IN AZ
hoofed mammal,NOT IN AZ
hookworm,NOT IN AZ
hoopoe,IN AZ
hoot owl,NOT IN AZ
hornbill,IN AZ
horned dinosaur,NOT IN AZ
horned lizard,IN AZ
horned owl,NOT IN AZ
horned toad,NOT IN AZ
hornet,IN AZ
horse,IN AZ
horsefly,IN AZ
horsehead,NOT IN AZ
horseshoe crab,IN AZ
hound,NOT IN AZ
hound dog,NOT IN AZ
housefly,IN AZ
hoverfly,NOT IN AZ
howler monkey,IN AZ
howling monkey,NOT IN AZ
human,IN AZ
human being,NOT IN AZ
hummingbird,IN AZ
hummingbird moth,NOT IN AZ
humpback whale,IN AZ
humuhumunukunukuapua,NOT IN AZ
huntsman,NOT IN AZ
huntsman spider,IN AZ
huskie,NOT IN AZ
huskies,NOT IN AZ
husky,IN AZ
hydra,NOT IN AZ
hyena,IN AZ
hyenas,NOT IN AZ
hyrax,NOT IN AZ
ibex,IN AZ
ibis,IN AZ
ichthyosaur,NOT IN AZ
iguana,IN AZ
imago,NOT IN AZ
impala,IN AZ
inchworm,IN AZ
indigo bunting,NOT IN AZ
indigo snake,IN AZ
indri,IN AZ
insect,IN AZ
invertebrate,NOT IN AZ
isopod,NOT IN AZ
itch mite,NOT IN AZ
ivory billed,NOT IN AZ
ivory gull,NOT IN AZ
jabiru,IN AZ
jack,NOT IN AZ
jack crevalle,IN AZ
jack mackerel,NOT IN AZ
jack rabbit,NOT IN AZ
jack russell,NOT IN AZ
jack russell terrier,NOT IN AZ
jackal,IN AZ
jackalope,NOT IN AZ
jackass,NOT IN AZ
jackass penguin,NOT IN AZ
jackdaw,IN AZ
jackrabbit,IN AZ
jaguar,IN AZ
jaguarundi,NOT IN AZ
javelina,NOT IN AZ
jawless fish,NOT IN AZ
jay,NOT IN AZ
jaybird,NOT IN AZ
jellyfish,IN AZ
jerboa,IN AZ
jewfish,NOT IN AZ
jigger,NOT IN AZ
joey,NOT IN AZ
junco,NOT IN AZ
june beetle,NOT IN AZ
june bug,NOT IN AZ
jungle fowl,NOT IN AZ
kangaroo,IN AZ
kangaroo rat,IN AZ
karakul,NOT IN AZ
katydid,IN AZ
kea,IN AZ
keeshond,IN AZ
kelp greenling,IN AZ
kelpie,NOT IN AZ
kestrel,IN AZ
keyhole limpet,NOT IN AZ
kid,NOT IN AZ
killdeer,IN AZ
killer bee,NOT IN AZ
killer whale,IN AZ
killifish,IN AZ
king cobra,IN AZ
king crab,IN AZ
king mackerel,IN AZ
king salmon,IN AZ
kingbird,NOT IN AZ
kingfish,NOT IN AZ
kingfisher,IN AZ
kingsnake,NOT IN AZ
kinkajou,IN AZ
kite,NOT IN AZ
kitfox,NOT IN AZ
kitten,NOT IN AZ
kittiwake,NOT IN AZ
kitty,NOT IN AZ
kitty cat,NOT IN AZ
kiwi,IN AZ
koala,IN AZ
koala bear,NOT IN AZ
kodiak,NOT IN AZ
kodiak bear,IN AZ
koi,NOT IN AZ
koi fish,IN AZ
komodo dragon,IN AZ
kongoni,NOT IN AZ
kookaburra,NOT IN AZ
krait,IN AZ
krill,IN AZ
kuala,NOT IN AZ
kudu,IN AZ
lab,NOT IN AZ
labrador,NOT IN AZ
labrador retriever,IN AZ
lacewing,NOT IN AZ
lady bug,NOT IN AZ
ladybird,NOT IN AZ
ladybird beetle,NOT IN AZ
ladybug,IN AZ
ladyfish,IN AZ
lake trout,IN AZ
lake whitefish,NOT IN AZ
lamb,NOT IN AZ
lamprey,IN AZ
lamprey eel,NOT IN AZ
landlocked salmon,NOT IN AZ
langur,NOT IN AZ
lanternfish,NOT IN AZ
lapdog,NOT IN AZ
lapin,NOT IN AZ
lapwing,NOT IN AZ
largemouth bass,IN AZ
lark,NOT IN AZ
larva,NOT IN AZ
larvae,NOT IN AZ
laughing gull,NOT IN AZ
leach,NOT IN AZ
leaf beetle,NOT IN AZ
leaf insect,NOT IN AZ
leafhopper,NOT IN AZ
leatherback,NOT IN AZ
leatherback turtle,NOT IN AZ
leatherjacket,NOT IN AZ
lechwe,NOT IN AZ
leech,IN AZ
legless lizard,NOT IN AZ
lemming,IN AZ
lemur,IN AZ
leopard,IN AZ
leopard frog,IN AZ
leopard seal,IN AZ
leopard shark,IN AZ
leopardess,NOT IN AZ
lepidopteran,NOT IN AZ
lesser scaup,IN AZ
lesser yellowlegs,NOT IN AZ
lhasa apso,IN AZ
liger,IN AZ
limpet,IN AZ
lingcod,NOT IN AZ
linnet,IN AZ
lion,IN AZ
lion cub,NOT IN AZ
lioness,NOT IN AZ
lionfish,IN AZ
lions,NOT IN AZ
little brown myotis,NOT IN AZ
lizard,IN AZ
llama,IN AZ
loach,IN AZ
lobster,IN AZ
locust,IN AZ
loggerhead,NOT IN AZ
loggerhead shrike,IN AZ
loggerhead turtle,NOT IN AZ
long tailed lizard,NOT IN AZ
long tailed salamander,NOT IN AZ
longhorn,NOT IN AZ
longneck,NOT IN AZ
loon,NOT IN AZ
lorikeet,IN AZ
loris,IN AZ
louse,NOT IN AZ
lovebird,NOT IN AZ
lugworm,NOT IN AZ
lumpfish,IN AZ
luna moth,IN AZ
lungfish,IN AZ
lungless salamander,NOT IN AZ
lynx,IN AZ
lyrebird,IN AZ
macaque,IN AZ
macaque monkey,NOT IN AZ
macaw,IN AZ
mackerel,NOT IN AZ
mackerel tuna,NOT IN AZ
madagascar hissing cockroach,IN AZ
maggot,IN AZ
magpie,IN AZ
mahi,NOT IN AZ
mahimahi,NOT IN AZ
maine coon,IN AZ
mako shark,NOT IN AZ
malamute,NOT IN AZ
malarial mosquito,NOT IN AZ
maleo,NOT IN AZ
malinois,NOT IN AZ
mallard,IN AZ
mallee fowl,NOT IN AZ
maltese,IN AZ
maltese terrier,NOT IN AZ
mamba,IN AZ
mammal,NOT IN AZ
mammoth,NOT IN AZ
man,NOT IN AZ
manakin,NOT IN AZ
manatee,IN AZ
mandrill,IN AZ
maned wolf,IN AZ
mangabey,NOT IN AZ
mangrove snapper,IN AZ
manowar,NOT IN AZ
manta,NOT IN AZ
manta ray,IN AZ
mantis,NOT IN AZ
mantis shrimp,NOT IN AZ
marabou,NOT IN AZ
marabou stork,IN AZ
mare,NOT IN AZ
markhor,IN AZ
marlin,NOT IN AZ
marmoset,IN AZ
marmot,IN AZ
marsh harrier,NOT IN AZ
marsh wren,NOT IN AZ
marsupial,NOT IN AZ
marten,NOT IN AZ
mason bee,IN AZ
massasauga,IN AZ
mastiff,IN AZ
mastodon,NOT IN AZ
maverick,NOT IN AZ
mayfly,IN AZ
meadow pipit,NOT IN AZ
meadow vole,NOT IN AZ
meadowlark,NOT IN AZ
mealworm,NOT IN AZ
mealy bug,NOT IN AZ
mealybug,IN AZ
medfly,NOT IN AZ
medicinal leech,NOT IN AZ
medusa,NOT IN AZ
meerkat,IN AZ
megalodon,IN AZ
menhaden,NOT IN AZ
merganser,IN AZ
merino sheep,NOT IN AZ
merlin,NOT IN AZ
metazoan,NOT IN AZ
mice,NOT IN AZ
microbe,NOT IN AZ
midge,NOT IN AZ
milch cow,NOT IN AZ
milkfish,IN AZ
milking shorthorn,NOT IN AZ
millipede,IN AZ
miniature pinscher,IN AZ
miniature pony,NOT IN AZ
miniature poodle,NOT IN AZ
miniature schnauzer,NOT IN AZ
mink,IN AZ
minke whale,IN AZ
minnow,NOT IN AZ
minnow fish,NOT IN AZ
minx,NOT IN AZ
mirid bug,NOT IN AZ
mistle thrush,NOT IN AZ
mite,NOT IN AZ
moccasin,NOT IN AZ
mockingbird,IN AZ
mojarra,IN AZ
mola,NOT IN AZ
mole,IN AZ
mole rat,NOT IN AZ
mollusk,IN AZ
monarch butterfly,IN AZ
mongoose,IN AZ
monitor,NOT IN AZ
monitor lizard,IN AZ
monkey,IN AZ
monkeys,NOT IN AZ
monkfish,IN AZ
monotreme,NOT IN AZ
monster,NOT IN AZ
moonfish,NOT IN AZ
moonglow boa,IN AZ
moorhen,IN AZ
moose,IN AZ
moray,NOT IN AZ
moray eel,IN AZ
mosquito,IN AZ
mosquitofish,NOT IN AZ
moth,IN AZ
moths,NOT IN AZ
mouflon,NOT IN AZ
mountain cat,NOT IN AZ
mountain goat,NOT IN AZ
mountain gorilla,IN AZ
mountain lion,IN AZ
mourning dove,IN AZ
mouse,IN AZ
mud dauber,NOT IN AZ
mudskipper,IN AZ
mule,IN AZ
mule deer,IN AZ
mules,NOT IN AZ
mullet,NOT IN AZ
mulloway,NOT IN AZ
muntjac,IN AZ
murre,NOT IN AZ
muscovy duck,IN AZ
musk deer,IN AZ
musk ox,NOT IN AZ
musk turtle,NOT IN AZ
muskellunge,NOT IN AZ
muskox,IN AZ
muskrat,IN AZ
mussel,NOT IN AZ
mustang,NOT IN AZ
mute swan,NOT IN AZ
mutton snapper,NOT IN AZ
myna,NOT IN AZ
myna bird,IN AZ
mynah,NOT IN AZ
mynah bird,NOT IN AZ
naked mole rat,IN AZ
narwhal,IN AZ
nautilus,IN AZ
neanderthal,IN AZ
needlefish,IN AZ
nematode,NOT IN AZ
nematode worm,NOT IN AZ
newt,IN AZ
nightcrawler,NOT IN AZ
nightingale,IN AZ
nightjar,IN AZ
nilgai,IN AZ
northern bobwhite,IN AZ
northern cricket frog,NOT IN AZ
northern harrier,IN AZ
northern parula,IN AZ
northern pike,NOT IN AZ
northern pocket gopher,NOT IN AZ
northern shrike,NOT IN AZ
northern snakehead,NOT IN AZ
nudibranch,IN AZ
nurse shark,IN AZ
nuthatch,IN AZ
nutria,IN AZ
nyala,IN AZ
oarfish,IN AZ
ocean pout,IN AZ
ocean sunfish,NOT IN AZ
oceanic whitetip shark,IN AZ
ocelot,IN AZ
octopus,IN AZ
okapi,IN AZ
olive ridley,NOT IN AZ
omnivore,NOT IN AZ
onion thrips,NOT IN AZ
opah,IN AZ
opossum,IN AZ
opossum shrimp,NOT IN AZ
orang,NOT IN AZ
orange roughie,NOT IN AZ
orangutan,IN AZ
orangutang,NOT IN AZ
orca,NOT IN AZ
orca whale,NOT IN AZ
orchard oriole,IN AZ
oriole,NOT IN AZ
ormer,NOT IN AZ
ornithopod,NOT IN AZ
ortolan,NOT IN AZ
oryx,NOT IN AZ
osprey,IN AZ
ostrich,IN AZ
ostriches,NOT IN AZ
otter,IN AZ
ovenbird,IN AZ
owl,IN AZ
owlet,NOT IN AZ
ox,IN AZ
oxen,NOT IN AZ
oyster,IN AZ
oystercatcher,NOT IN AZ
oysters,NOT IN AZ
pachyderm,NOT IN AZ
packhorse,NOT IN AZ
packrat,NOT IN AZ
paddlefish,IN AZ
pajero,NOT IN AZ
pallass cat,NOT IN AZ
palm civet,NOT IN AZ
palo verde borer,NOT IN AZ
palomino,NOT IN AZ
panda,NOT IN AZ
panda bear,NOT IN AZ
pangolin,IN AZ
panther,IN AZ
papillon,IN AZ
parakeet,IN AZ
parasitic worm,NOT IN AZ
parrot,IN AZ
parrotfish,IN AZ
partridge,IN AZ
passerine,NOT IN AZ
peacock,IN AZ
peafowl,NOT IN AZ
peahen,NOT IN AZ
pearl oyster,NOT IN AZ
peccary,NOT IN AZ
peckerwood,NOT IN AZ
pectoral sandpiper,NOT IN AZ
pelican,IN AZ
pembroke welsh corgi,IN AZ
penguin,IN AZ
penis worm,NOT IN AZ
perch,NOT IN AZ
peregrine,NOT IN AZ
peregrine falcon,IN AZ
periodical cicada,NOT IN AZ
perro,NOT IN AZ
persian cat,NOT IN AZ
person,NOT IN AZ
pescador,NOT IN AZ
petrel,NOT IN AZ
pewee,NOT IN AZ
phalarope,NOT IN AZ
pheasant,IN AZ
phoenix,NOT IN AZ
pickerel,NOT IN AZ
piffle,NOT IN AZ
pig,IN AZ
pigeon,IN AZ
pigfish,NOT IN AZ
piggy,NOT IN AZ
piglet,NOT IN AZ
pika,IN AZ
pike,NOT IN AZ
pike perch,NOT IN AZ
pilchard,NOT IN AZ
pileated woodpecker,IN AZ
pill bug,NOT IN AZ
pilot whale,NOT IN AZ
pincher,NOT IN AZ
pine grosbeak,NOT IN AZ
pine marten,IN AZ
pine siskin,IN AZ
pinfish,IN AZ
pink bollworm,IN AZ
pink salmon,IN AZ
pinniped,NOT IN AZ
pinscher,NOT IN AZ
pintail,NOT IN AZ
pinto horse,NOT IN AZ
pinworm,NOT IN AZ
pipefish,IN AZ
piping plover,NOT IN AZ
pipistrelle,NOT IN AZ
pipit,NOT IN AZ
piranha,IN AZ
pistol shrimp,NOT IN AZ
pit bull,IN AZ
pit bull terrier,NOT IN AZ
pit viper,IN AZ
pitbull,NOT IN AZ
placental mammal,NOT IN AZ
placoderm,NOT IN AZ
plaice,NOT IN AZ
planaria,NOT IN AZ
plankton,NOT IN AZ
platypus,IN AZ
pleco,NOT IN AZ
plesiosaur,IN AZ
plover,NOT IN AZ
pochard,NOT IN AZ
pocket gopher,NOT IN AZ
poison dart frog,IN AZ
polar,NOT IN AZ
polar bear,IN AZ
polecat,IN AZ
pollack,NOT IN AZ
pollock,NOT IN AZ
pollywog,NOT IN AZ
polo pony,NOT IN AZ
polychaeta,NOT IN AZ
pomeranian,IN AZ
pompano,NOT IN AZ
pony,NOT IN AZ
pooch,NOT IN AZ
poodle,IN AZ
popinjay,NOT IN AZ
porbeagle,NOT IN AZ
porcupine,IN AZ
porgy,NOT IN AZ
pork,NOT IN AZ
porpoise,NOT IN AZ
portuguese water dog,NOT IN AZ
possum,IN AZ
potato beetle,IN AZ
potbellied pig,NOT IN AZ
potoroo,IN AZ
poultry,NOT IN AZ
pouter,NOT IN AZ
prairie cat,NOT IN AZ
prairie chicken,IN AZ
prairie dog,IN AZ
prairie grouse,NOT IN AZ
prairie rattlesnake,IN AZ
prairie vole,NOT IN AZ
prawn,IN AZ
praying mantis,IN AZ
primate,NOT IN AZ
proboscis monkey,IN AZ
pronghorn,IN AZ
pronghorn antelope,NOT IN AZ
protists,NOT IN AZ
psyllid,NOT IN AZ
ptarmigan,NOT IN AZ
pterodactyl,IN AZ
pterosaur,NOT IN AZ
pubic louse,NOT IN AZ
puff adder,IN AZ
puffer,NOT IN AZ
puffer fish,NOT IN AZ
pufferfish,IN AZ
puffin,IN AZ
pug,IN AZ
puggle,IN AZ
pullet,NOT IN AZ
puma,IN AZ
pumpkinseed,NOT IN AZ
pup,NOT IN AZ
pupa,NOT IN AZ
puppy,NOT IN AZ
purple finch,IN AZ
purple gallinule,IN AZ
purple marten,NOT IN AZ
puss,NOT IN AZ
pussycat,NOT IN AZ
pygmy chimpanzee,NOT IN AZ
pygmy elephant,NOT IN AZ
pygmy goat,NOT IN AZ
pygmy marmoset,NOT IN AZ
pygmy sperm whale,NOT IN AZ
python,IN AZ
quagga,IN AZ
quahog,NOT IN AZ
quail,IN AZ
queen bee,NOT IN AZ
queenfish,NOT IN AZ
quetzal,IN AZ
quokka,IN AZ
rabbit,IN AZ
raccoon,IN AZ
raccoon fox,NOT IN AZ
racehorse,NOT IN AZ
racoon,NOT IN AZ
ragdoll cat,NOT IN AZ
rainbow lorikeet,NOT IN AZ
rainbow smelt,NOT IN AZ
rainbow trout,NOT IN AZ
rainbowfish,NOT IN AZ
ram,NOT IN AZ
raptor,NOT IN AZ
rat,IN AZ
rat snake,NOT IN AZ
rat terrier,IN AZ
ratite,NOT IN AZ
raton,NOT IN AZ
rattler,NOT IN AZ
rattlesnake,IN AZ
raven,NOT IN AZ
ray,NOT IN AZ
razor clam,NOT IN AZ
razorback,NOT IN AZ
razorbill,NOT IN AZ
red admiral butterfly,NOT IN AZ
red bellied woodpecker,NOT IN AZ
red deer,IN AZ
red drum,NOT IN AZ
red fox,IN AZ
red kangaroo,NOT IN AZ
red panda,IN AZ
red robin,NOT IN AZ
red shouldered hawk,NOT IN AZ
red snapper,NOT IN AZ
red squirrel,IN AZ
red tailed hawk,NOT IN AZ
red winged blackbird,NOT IN AZ
redbird,NOT IN AZ
redbone,NOT IN AZ
redbreast,NOT IN AZ
redbug,NOT IN AZ
redear,NOT IN AZ
redfish,NOT IN AZ
redheaded woodpecker,NOT IN AZ
redhorse,NOT IN AZ
redhorse sucker,NOT IN AZ
redpoll,NOT IN AZ
redshank,NOT IN AZ
redstart,IN AZ
redtail,NOT IN AZ
redtail hawk,NOT IN AZ
redwing,NOT IN AZ
reed bunting,NOT IN AZ
reef shark,IN AZ
reindeer,IN AZ
remora,NOT IN AZ
reptile,NOT IN AZ
reticulated python,IN AZ
retriever,NOT IN AZ
rhea,IN AZ
rhesus macaque,IN AZ
rhesus monkey,NOT IN AZ
rhino,NOT IN AZ
rhinoceros,IN AZ
rhinoceros beetle,NOT IN AZ
ribbonfish,NOT IN AZ
right whale,NOT IN AZ
ring-tailed lemur,NOT IN AZ
ringtail,NOT IN AZ
ringtail cat,NOT IN AZ
river otter,IN AZ
river rat,NOT IN AZ
roach,NOT IN AZ
roadrunner,IN AZ
robin,IN AZ
robin redbreast,NOT IN AZ
rock hyrax,IN AZ
rockfish,IN AZ
rockhead,NOT IN AZ
rodent,NOT IN AZ
roe,NOT IN AZ
roe deer,IN AZ
roly-poly,NOT IN AZ
rook,NOT IN AZ
rooster,IN AZ
roseate spoonbill,IN AZ
roseate tern,NOT IN AZ
rotifer,NOT IN AZ
rottweiler,IN AZ
roundworm,NOT IN AZ
rudd,NOT IN AZ
ruddy duck,IN AZ
ruddy turnstone,IN AZ
ruffed grouse,NOT IN AZ
ruminant,NOT IN AZ
russian blue,IN AZ
rusty blackbird,NOT IN AZ
saber tooth,NOT IN AZ
sabertoothed cat,NOT IN AZ
sabertoothed tiger,NOT IN AZ
sable,IN AZ
sable antelope,NOT IN AZ
sacred ibis,NOT IN AZ
sage grouse,NOT IN AZ
saiga,IN AZ
sailfish,IN AZ
saint bernard,IN AZ
saki monkey,NOT IN AZ
salamander,IN AZ
salmon,IN AZ
salmonid,NOT IN AZ
saltwater crocodile,NOT IN AZ
saltwater fish,NOT IN AZ
saluki,IN AZ
sand cat,IN AZ
sand crab,IN AZ
sand dab,NOT IN AZ
sand dollar,IN AZ
sand lance,NOT IN AZ
sand shark,NOT IN AZ
sand tiger shark,IN AZ
sandbar shark,NOT IN AZ
sandfish,NOT IN AZ
sandfly,NOT IN AZ
sandhill crane,IN AZ
sandpiper,IN AZ
sapsucker,NOT IN AZ
sardine,NOT IN AZ
sauropod,NOT IN AZ
sauropod dinosaur,NOT IN AZ
saury,NOT IN AZ
savannah cat,NOT IN AZ
sawfish,IN AZ
sawfly,NOT IN AZ
scallop,NOT IN AZ
scaly anteater,NOT IN AZ
scarab,NOT IN AZ
scarlet macaw,IN AZ
scarlet tanager,IN AZ
scaup,NOT IN AZ
schipperke,IN AZ
schistosome,NOT IN AZ
schnauzer,NOT IN AZ
scorpion,IN AZ
scorpionfish,NOT IN AZ
scoter,NOT IN AZ
scottish fold,NOT IN AZ
scottish shetland,NOT IN AZ
screech owl,NOT IN AZ
scrod,NOT IN AZ
scrub jay,NOT IN AZ
sculpin,IN AZ
scup,NOT IN AZ
sea anemone,IN AZ
sea bass,IN AZ
sea bear,NOT IN AZ
sea bream,NOT IN AZ
sea cow,NOT IN AZ
sea cucumber,NOT IN AZ
sea lamprey,NOT IN AZ
sea lion,IN AZ
sea lions,NOT IN AZ
sea monkey,NOT IN AZ
sea otter,IN AZ
sea otters,NOT IN AZ
sea ray,NOT IN AZ
sea scorpion,NOT IN AZ
sea slug,IN AZ
sea slug aplysia,NOT IN AZ
sea snake,IN AZ
sea sponge,NOT IN AZ
sea squirt,IN AZ
sea star,NOT IN AZ
sea turtle,IN AZ
sea urchin,IN AZ
seabird,NOT IN AZ
seagull,IN AZ
seahawk,NOT IN AZ
seahorse,IN AZ
seal,IN AZ
sealion,NOT IN AZ
sedge wren,NOT IN AZ
sei whale,IN AZ
serow,NOT IN AZ
serpent,NOT IN AZ
serval,IN AZ
shad,NOT IN AZ
shar pei,NOT IN AZ
shark,IN AZ
shearwater,NOT IN AZ
sheep,IN AZ
sheepdog,NOT IN AZ
sheepshead,NOT IN AZ
shelduck,NOT IN AZ
shellfish,NOT IN AZ
shepherd,NOT IN AZ
shetland pony,NOT IN AZ
shetland sheepdog,IN AZ
shih tzu,IN AZ
shipworm,NOT IN AZ
shorebird,NOT IN AZ
shortfin mako,NOT IN AZ
shorthorn,NOT IN AZ
shoveler,NOT IN AZ
shrew,IN AZ
shrike,NOT IN AZ
shrimp,IN AZ
siamang,NOT IN AZ
siamese cat,NOT IN AZ
siberian blue robin,NOT IN AZ
siberian cat,NOT IN AZ
siberian husky,IN AZ
siberian tiger,IN AZ
sidewinder,IN AZ
sika,NOT IN AZ
silkworm,NOT IN AZ
silkworm moth,NOT IN AZ
silky terrier,IN AZ
silverback,NOT IN AZ
silverback gorilla,NOT IN AZ
silverfish,NOT IN AZ
silvertip,NOT IN AZ
siphonophore,NOT IN AZ
siskin,NOT IN AZ
skate,NOT IN AZ
skink,NOT IN AZ
skipjack,NOT IN AZ
skipjack tuna,IN AZ
skua,IN AZ
skunk,IN AZ
skylark,NOT IN AZ
sled dog,NOT IN AZ
slender loris,NOT IN AZ
slime eels,NOT IN AZ
sloth,IN AZ
sloth bear,NOT IN AZ
slow loris,NOT IN AZ
slug,IN AZ
smallmouth,NOT IN AZ
smallmouth bass,IN AZ
smalltooth sawfish,NOT IN AZ
smelt,NOT IN AZ
smooth dogfish,NOT IN AZ
smooth hammerhead,NOT IN AZ
snail,IN AZ
snail darter,NOT IN AZ
snailfish,IN AZ
snake,IN AZ
snapper,NOT IN AZ
snapping turtle,IN AZ
snipe,NOT IN AZ
snoek,NOT IN AZ
snook,NOT IN AZ
snow crab,IN AZ
snow goose,IN AZ
snow leopard,IN AZ
snow lion,NOT IN AZ
snow monkey,NOT IN AZ
snowbird,NOT IN AZ
snowshoe hare,IN AZ
snowy egret,NOT IN AZ
snowy owl,IN AZ
sockeye,NOT IN AZ
sockeye salmon,IN AZ
song thrush,IN AZ
songbird,NOT IN AZ
soupfin,NOT IN AZ
sow,NOT IN AZ
spadefish,NOT IN AZ
spadefoot,NOT IN AZ
spadefoot toad,IN AZ
spaniel,NOT IN AZ
spanish mackerel,IN AZ
sparrow,IN AZ
sparrow hawk,NOT IN AZ
spearfish,NOT IN AZ
speckled trout,IN AZ
spectacled caiman,NOT IN AZ
sperm whale,IN AZ
sphinx moth,NOT IN AZ
sphynx cat,NOT IN AZ
spider,IN AZ
spider crab,NOT IN AZ
spider mite,NOT IN AZ
spider monkey,IN AZ
spiny anteater,NOT IN AZ
spiny dogfish,IN AZ
spiny dogfish shark,NOT IN AZ
spiny lobster,NOT IN AZ
spitting cobra,IN AZ
spitz,NOT IN AZ
sponge,IN AZ
spoonbill,NOT IN AZ
spotted flycatcher,NOT IN AZ
spotted hyena,NOT IN AZ
spotted owl,NOT IN AZ
spotted salamander,NOT IN AZ
spotted sandpiper,NOT IN AZ
sprat,NOT IN AZ
spring peeper,NOT IN AZ
springbok,IN AZ
springer spaniel,NOT IN AZ
spruce bark beetle,NOT IN AZ
spruce grouse,NOT IN AZ
squab,NOT IN AZ
squid,IN AZ
squirrel,IN AZ
squirrel monkey,IN AZ
staffordshire bull terrier,IN AZ
staffordshire terrier,NOT IN AZ
stag,NOT IN AZ
stag beetle,IN AZ
staghorn coral,NOT IN AZ
stallion,NOT IN AZ
standard poodle,NOT IN AZ
star-nosed mole,IN AZ
starfish,IN AZ
stargazer,NOT IN AZ
starling,NOT IN AZ
steed,NOT IN AZ
steenbok,NOT IN AZ
steeplechase horse,NOT IN AZ
steer,NOT IN AZ
stegosaurus,NOT IN AZ
steller jay,NOT IN AZ
stick bug,NOT IN AZ
stick insect,IN AZ
stickleback,NOT IN AZ
stilt,NOT IN AZ
stingray,IN AZ
stinkbug,NOT IN AZ
stoat,IN AZ
stone curlew,NOT IN AZ
stone marten,NOT IN AZ
stonefish,IN AZ
stonefly,NOT IN AZ
stony coral,NOT IN AZ
stork,IN AZ
storm petrel,NOT IN AZ
stormy petrel,NOT IN AZ
striped bass,IN AZ
striped hyena,IN AZ
striped marlin,NOT IN AZ
striped mullet,NOT IN AZ
striped skunk,NOT IN AZ
striper,NOT IN AZ
sturgeon,IN AZ
suckerfish,IN AZ
suckermouth catfish,NOT IN AZ
sugar glider,IN AZ
summer tanager,IN AZ
sun bear,IN AZ
sun conure,NOT IN AZ
sunfish,NOT IN AZ
superbug,NOT IN AZ
surfperch,NOT IN AZ
surgeon fish,NOT IN AZ
surgeonfish,IN AZ
swallow,IN AZ
swallowtail,NOT IN AZ
swamp sparrow,NOT IN AZ
swan,IN AZ
swift,NOT IN AZ
swiftlet,NOT IN AZ
swine,NOT IN AZ
swordfish,IN AZ
swordtail,NOT IN AZ
t rex,NOT IN AZ
tabby,NOT IN AZ
tabby cat,NOT IN AZ
tadpole,NOT IN AZ
tadpole shrimp,NOT IN AZ
taipan,IN AZ
takahe,NOT IN AZ
takin,IN AZ
tamarin,IN AZ
tammar wallaby,NOT IN AZ
tanager,NOT IN AZ
tapeworm,NOT IN AZ
tapir,IN AZ
tarantula,IN AZ
tardigrade,NOT IN AZ
tarpon,IN AZ
tarsier,IN AZ
tasmanian devil,IN AZ
tautog,NOT IN AZ
tawny owl,IN AZ
teacup chihuahua,IN AZ
teleost,NOT IN AZ
teleost fish,NOT IN AZ
tench,NOT IN AZ
tent caterpillar,IN AZ
termite,IN AZ
tern,NOT IN AZ
terrapin,NOT IN AZ
terrier,IN AZ
tetra,IN AZ
tetrapod,NOT IN AZ
theropod,IN AZ
theropod dinosaur,NOT IN AZ
thorny devil,IN AZ
thoroughbred,NOT IN AZ
threadfin,NOT IN AZ
three toed sloth,NOT IN AZ
thresher shark,IN AZ
thrip,NOT IN AZ
thrush,IN AZ
thylacine,NOT IN AZ
tick,IN AZ
tiger,IN AZ
tiger beetle,IN AZ
tiger cub,NOT IN AZ
tiger moth,IN AZ
tiger rattlesnake,IN AZ
tiger salamander,IN AZ
tiger shark,IN AZ
tigon,NOT IN AZ
tigress,NOT IN AZ
tilapia,NOT IN AZ
tilefish,NOT IN AZ
timber rattlesnake,NOT IN AZ
timber wolf,NOT IN AZ
titanosaur,IN AZ
titi,NOT IN AZ
titi monkey,NOT IN AZ
titmouse,NOT IN AZ
toad,NOT IN AZ
toadfish,IN AZ
tobacco budworm,NOT IN AZ
tobacco hornworm,NOT IN AZ
tody,NOT IN AZ
tom turkey,NOT IN AZ
tomato hornworm,IN AZ
tomcat,NOT IN AZ
toothed whale,NOT IN AZ
tortes,NOT IN AZ
tortoise,IN AZ
tortoiseshell,NOT IN AZ
tortuga,NOT IN AZ
toucan,IN AZ
towhee,IN AZ
toy poodle,IN AZ
toy spaniel,NOT IN AZ
tragopan,NOT IN AZ
trapdoor spider,IN AZ
tree shrew,NOT IN AZ
treefrog,NOT IN AZ
trematode,NOT IN AZ
trepang,NOT IN AZ
triceratops,NOT IN AZ
triggerfish,IN AZ
trilobite,NOT IN AZ
tripletail,NOT IN AZ
trogon,NOT IN AZ
trotter,NOT IN AZ
trout,IN AZ
trumpeter,NOT IN AZ
trumpeter swan,NOT IN AZ
tsetse,NOT IN AZ
tsetse fly,IN AZ
tuatara,IN AZ
tubeworm,NOT IN AZ
tufted puffin,NOT IN AZ
tufted titmouse,IN AZ
tuna,IN AZ
tundra swan,IN AZ
tunicate,NOT IN AZ
tunny,NOT IN AZ
turbot,NOT IN AZ
turkey,IN AZ
turkey buzzard,NOT IN AZ
turkey vulture,IN AZ
turtle,NOT IN AZ
turtle dove,NOT IN AZ
turtledove,NOT IN AZ
tusker,NOT IN AZ
tussock moth,IN AZ
tyrannosaur,NOT IN AZ
tyrannosaurus,NOT IN AZ
tyrannosaurus rex,IN AZ
ungulate,NOT IN AZ
unicorn,NOT IN AZ
upland sandpiper,IN AZ
urchin,NOT IN AZ
vampire bat,IN AZ
vaquita,IN AZ
varmint,NOT IN AZ
veal,NOT IN AZ
veery,IN AZ
velociraptor,IN AZ
venomous lizard,NOT IN AZ
vermin,NOT IN AZ
vertebrate,NOT IN AZ
vervet monkey,IN AZ
vesper sparrow,NOT IN AZ
vicuna,NOT IN AZ
vinegarroon,NOT IN AZ
viper,IN AZ
vireo,NOT IN AZ
vizsla,IN AZ
vole,IN AZ
vulture,IN AZ
wagtail,NOT IN AZ
wahoo,NOT IN AZ
wallaby,IN AZ
wallaroo,NOT IN AZ
walleye,NOT IN AZ
walleyed pike,NOT IN AZ
walrus,IN AZ
wandering albatross,IN AZ
wapiti,NOT IN AZ
warbler,IN AZ
warthog,IN AZ
wasp,IN AZ
water bear,NOT IN AZ
water buffalo,IN AZ
water bug,IN AZ
water moccasin,NOT IN AZ
water snake,NOT IN AZ
waterbird,NOT IN AZ
waterbuck,IN AZ
waterfowl,NOT IN AZ
waxwing,NOT IN AZ
weakfish,NOT IN AZ
weasel,IN AZ
webworm,NOT IN AZ
weevil,NOT IN AZ
weimaraner,IN AZ
western lowland gorilla,IN AZ
western meadowlark,NOT IN AZ
western tanager,IN AZ
westie,NOT IN AZ
whale,NOT IN AZ
whale shark,IN AZ
wheatear,NOT IN AZ
whelk,NOT IN AZ
whelp,NOT IN AZ
whiff,NOT IN AZ
whippet,IN AZ
whippoorwill,NOT IN AZ
whipsnake,NOT IN AZ
whiptail,NOT IN AZ
whirligig beetle,NOT IN AZ
white marlin,IN AZ
white tailed deer,NOT IN AZ
white tiger,IN AZ
white wolf,NOT IN AZ
whitebait,NOT IN AZ
whitefish,NOT IN AZ
whitefly,NOT IN AZ
whitetail deer,IN AZ
whiting,IN AZ
whooper,NOT IN AZ
whooper swan,NOT IN AZ
whooping crane,IN AZ
widgeon,NOT IN AZ
widow spider,NOT IN AZ
wiener dog,NOT IN AZ
wigeon,NOT IN AZ
wiggler,NOT IN AZ
wild boar,IN AZ
wild dog,NOT IN AZ
wildcat,NOT IN AZ
wildebeest,IN AZ
willet,NOT IN AZ
winkle,NOT IN AZ
winter wren,NOT IN AZ
wireworm,NOT IN AZ
wolf,IN AZ
wolf cub,NOT IN AZ
wolf pup,NOT IN AZ
wolf spider,IN AZ
wolffish,IN AZ
wolfhound,NOT IN AZ
wolverine,IN AZ
wolves,NOT IN AZ
woman,NOT IN AZ
wombat,IN AZ
wood pewee,NOT IN AZ
wood stork,NOT IN AZ
wood thrush,NOT IN AZ
woodchuck,NOT IN AZ
woodcock,NOT IN AZ
woodcock snipe,NOT IN AZ
woodland caribou,NOT IN AZ
woodpecker,IN AZ
woodworm,NOT IN AZ
woolly adelgid,NOT IN AZ
woolly bear,NOT IN AZ
woolly mammoth,IN AZ
woolly monkey,IN AZ
woolly rhinoceros,IN AZ
worm,IN AZ
wrasse,IN AZ
wren,NOT IN AZ
wriggler,NOT IN AZ
xerus,IN AZ
yak,IN AZ
yearling,NOT IN AZ
yellow lab,NOT IN AZ
yellow labrador,NOT IN AZ
yellow perch,IN AZ
yellow warbler,NOT IN AZ
yellowfin,NOT IN AZ
yellowfin croaker,NOT IN AZ
yellowfin tuna,IN AZ
yellowhammer,IN AZ
yellowjacket,NOT IN AZ
yellowlegs,NOT IN AZ
yellowtail,NOT IN AZ
yellowtail flounder,NOT IN AZ
yellowtail snapper,IN AZ
yellowthroat,IN AZ
yorkie,NOT IN AZ
yorkshire terrier,IN AZ
zebra,IN AZ
zebra finch,IN AZ
zebra fish,NOT IN AZ
zebra mussel,NOT IN AZ
zebrafish,NOT IN AZ
zebu,IN AZ
zooplankton,NOT IN AZ
zorillo,NOT IN AZ
painted dog,NOT IN AZ
lightning bug,NOT IN AZ
flying fox,NOT IN AZ
tigerfish,NOT IN AZ
sifaka,NOT IN AZ
mockingjay,NOT IN AZ
sphynx,IN AZ
